A;B;C
35,36330607;21,88005735;28,32389866
39,89624686;18,00290455;37,04820883
30,6426666;13,11181035;22,05663226
11,8472498;12,00744534;34,02465696
13,98194975;10,56454365;23,31217602
13,74657827;28,78791956;19,04276853
18,25365013;29,04347471;10,09064909
24,53321714;25,81921459;31,3495966
27,2994973;20,03701915;26,54760246
38,84373269;10,0831284;17,13914312
18,44144973;12,19295322;34,29332091
35,70315509;12,63961628;17,78408696
35,08819004;24,48259372;25,72341551
26,44934965;33,11309718;37,21331934
34,43160096;15,10149935;27,88464323
18,26428632;27,10383403;33,25614087
12,05749817;39,41756085;35,44935035
37,80236905;31,30446792;35,72907217
23,2581088;13,12124943;11,78503027
14,91166455;13,67984784;36,43219605
31,63677937;17,2038435;10,30276705
12,11333824;31,52879245;38,91796687
38,85524046;10,620674;19,59434363
36,24966246;14,16304155;28,04385524
39,09307159;35,65518111;17,20053573
10,25225945;36,21754596;35,10011578
34,48448345;23,12909922;11,37249996
33,61349061;19,3566182;30,95567931
37,25033022;38,30668527;38,40081102
26,21371086;16,97542181;38,53969977
18,17993105;28,65777586;39,20273775
38,63011713;30,7634862;26,14630265
33,46571272;34,04707695;22,20330749
21,35376034;12,90660138;28,63816078
11,26190602;19,80820047;16,53531005
18,75241091;34,00918372;19,3878791
39,44436752;14,49607738;36,2110818
38,40004248;21,43660893;17,47560149
23,65628355;15,45936211;35,16430954
32,32505745;34,22739137;31,32534956
22,69313427;28,21189833;12,23204247
11,4300734;16,44919349;35,98511801
19,78915167;24,91280331;29,32217076
26,23959517;14,92780052;21,63037618
20,6111888;24,38047643;15,80616773
17,02492935;27,29706527;38,88327208
10,67344269;38,78110798;23,12013221
20,01466767;14,10148198;13,44493218
14,96472604;12,87364847;35,97560883
11,80926355;10,05037973;26,17726924
38,61569132;14,59273291;22,01098857
24,37852865;25,81354158;39,17887951
28,02202182;15,22313511;24,18456536
16,33892045;30,06632916;24,18583599
24,78261642;37,18492441;27,76339453
37,31961117;26,82195969;35,97975999
34,09732869;19,2868309;17,99394121
28,71826426;29,14640958;29,78270215
22,10289181;12,47095757;29,47991863
31,97056426;13,03997679;39,49765211
30,82744129;28,77676404;12,05559563
23,23806169;28,24182497;24,53157392
34,75072095;10,19866976;10,88768302
19,98755097;25,19131556;29,12385679
33,69920691;28,53682238;28,13406997
35,05910812;20,45479935;24,42980979
38,03010726;29,2966617;36,90756639
11,91746308;36,70935498;30,64790906
24,17937979;10,8601984;20,07366166
33,95451903;39,04089379;25,92503157
20,27255282;33,68927084;20,62704235
39,33498559;19,94897316;13,10083492
26,52139812;37,69151131;16,21108537
18,56645971;30,63103092;29,76110785
31,56099852;16,13463559;30,92561026
27,04891748;24,77250516;37,99361256
33,158802;35,50795776;14,35314974
13,25554601;18,01844896;21,15064542
34,72114726;16,10596957;36,99483332
27,66664767;33,53397114;23,87620681
38,12243746;28,88278345;28,79941005
13,52722109;11,80457853;29,73917495
19,89281909;36,13015221;36,92448286
32,9328369;12,19441824;30,03297056
25,60253724;27,21354556;29,41762644
11,43160428;17,699125;23,02346232
12,72401376;12,37887226;36,94686058
25,23052506;39,66994876;24,55323097
26,19712039;26,36108625;14,84024137
32,15136556;23,3794364;14,17665274
31,26404477;24,55216869;34,36172221
31,61649161;22,27481303;31,88460941
30,96529632;10,00343332;30,28784658
16,04126549;33,70034048;39,0422234
17,18622567;11,87198313;20,2883178
11,0830991;15,02927964;26,62315666
11,18237629;30,51268543;28,64989534
34,41132056;14,86585473;16,639205
39,22417218;27,06696554;17,16249399
27,39388878;11,24455713;17,08710798
11,21575306;17,21764032;33,8335954
37,20364505;11,88126759;28,29469244
17,15994845;24,52860426;32,0522369
31,97529059;18,79092771;14,80019812
18,15454264;11,29452962;27,18726515
10,97393261;13,41592106;28,82653251
34,66937242;37,88479279;30,61922849
36,84856117;23,69950574;24,37252408
16,83846035;35,0864647;17,66155247
12,5893127;11,19784638;21,00615299
13,54306643;39,89996274;14,75416407
30,91281035;15,42871557;30,26248863
22,94785643;25,42456596;34,49557895
12,83863184;32,79999415;25,74047928
11,08089464;10,48159457;11,67560389
36,93028198;32,09248476;34,61678756
16,22055025;34,11437942;16,47008919
25,05543376;25,13221609;16,63329046
35,13254125;20,06683919;12,61861452
22,06690993;32,10954488;33,15669735
22,86819991;22,64156411;33,86220221
21,52628787;11,49288101;14,82643147
25,01917208;27,70608015;13,6886199
12,64694137;11,7252818;20,33002957
38,11428461;37,64242357;39,18097469
14,19305687;22,83093841;34,82020991
29,77536708;35,47137683;28,94902313
19,83940168;39,07312728;32,08551343
37,35313195;20,74823263;38,24993185
20,01275338;22,887898;20,3529864
28,07717715;37,70171139;25,07682016
18,15177448;36,47934246;28,81643049
16,10814899;35,49256947;28,08633024
35,45742555;19,62619778;24,13518183
35,42372075;25,2358417;23,97129253
33,88276374;13,84495623;31,78746398
13,11327394;16,52253335;37,71558132
39,17555337;37,25226233;20,80057845
18,41139942;25,26858068;28,78287874
28,05242024;36,08869648;26,41977224
12,30734693;25,52785706;16,71987624
30,70302442;38,95448907;20,90862556
13,32415722;34,67607291;14,03493654
34,20920704;25,58111588;38,53624018
19,80357833;26,90297101;28,08143815
10,43611609;10,62928011;12,47110823
32,17559036;35,98916289;23,09288741
29,49701214;26,17125031;12,50977589
28,2351948;10,84971753;12,4065739
24,88606792;14,48709139;11,09565717
20,58145747;34,59197122;32,47224374
28,37445871;26,0524091;13,08682289
33,9599536;19,89227734;27,77892304
23,42758561;15,31766535;15,11825259
15,31963007;17,04147264;11,63700912
39,99264876;23,94054242;39,31452703
11,41172808;31,1219085;24,16660275
13,94195188;35,75494583;27,31023984
38,89394956;36,71606479;26,51776087
11,39791761;26,65977704;13,05057461
25,85357134;33,7086994;34,51090131
22,59331975;20,16767678;32,70049033
23,07614252;16,93201561;27,4057372
20,49637139;31,88870576;16,53646708
23,00416111;10,47437896;25,52011839
18,75339604;38,48778891;12,97653745
27,3093299;36,53596154;38,03994229
38,0411037;10,84046173;37,22920262
11,38558686;26,8573126;13,55407028
38,23940078;18,88955771;18,49505979
33,5970654;25,84970019;28,46936105
27,52570248;11,42497163;37,39098359
19,17250043;24,78729681;37,14657636
21,90666338;16,39458695;25,99418614
37,24733555;26,14070077;22,848989
13,27659375;28,40167809;17,46009834
18,03456826;25,33835945;21,99796328
35,0693931;38,60446714;21,40907309
11,09505227;21,12534001;17,85837685
13,66627705;13,19410735;12,8277799
26,43341973;25,18581735;13,41411738
14,02021447;11,35493715;37,76184301
12,11492558;21,13818052;29,1465244
31,5349239;39,07151892;24,52253422
35,29140171;27,89456007;21,08471386
13,06344335;31,59921289;36,1961256
14,64726012;16,97016982;13,03544989
30,70238594;12,75375917;20,10711793
13,27118505;15,97962447;20,64742435
31,43544086;17,33060457;18,27187421
26,60787881;39,92042114;25,91311993
34,71549281;17,1251299;30,03243974
24,39383434;27,44029193;27,74521051
22,55024315;10,2748104;28,51467167
35,82329602;20,48267581;33,96902006
14,54407565;30,33689961;13,4963655
30,09316092;32,25159425;22,31203
33,90305093;13,10281403;22,9639183
29,53117173;33,35269544;14,67006918
23,10396864;24,96696017;36,7631865
21,42994086;29,56586634;30,96679884
30,24278696;25,32051879;16,61370184
15,59414607;30,67320478;16,18613032
34,28509808;28,6811066;16,02709073
11,62106845;27,78586001;25,04828962
30,92402403;16,1022821;39,04197585
21,90807126;27,55260615;30,99676556
23,40528298;20,77917874;10,83977116
14,87580613;15,68116582;37,10575696
16,41220662;25,33799803;35,99781255
37,87524975;30,54676829;38,60403383
25,22429846;22,18022098;38,29648711
14,7586819;24,9758846;27,25210855
13,78767068;38,89454157;29,07633813
20,44346165;24,23013188;15,49329308
26,63459575;15,19734467;13,44047069
26,35428371;11,46042455;36,57296892
36,96667364;27,78265025;36,33869353
21,23327965;30,03217676;22,69124509
15,84371195;19,64067475;26,29683
33,04304661;34,38942118;19,29493425
19,26349896;18,48229063;21,71749696
21,40521589;33,29569962;19,81990335
31,5295135;29,41255376;13,99006872
26,41731213;21,21490567;14,53110072
21,769015;38,61366163;12,32017695
14,29185456;30,02713174;27,74348681
20,67836491;25,6820746;27,82292027
35,75229604;10,95986146;26,61115949
37,05234467;23,11430688;20,80612266
24,11408276;35,99679654;20,70128127
19,5583319;16,93287996;37,92368769
29,67739502;12,55130115;13,1407475
22,39849951;27,94480254;24,7741982
35,97314416;28,43291837;16,17078364
13,0985746;15,63701415;35,88230277
28,22914312;21,50010325;38,92500266
14,94116178;11,04882606;36,1550437
10,872445;20,49898289;10,37070788
23,15395979;30,01316092;28,97593832
13,66652156;18,1574811;27,52161252
12,02820573;38,22965397;10,32314372
27,0413221;21,03485423;16,61854536
27,1193035;11,9169115;22,34088499
29,62198069;36,59921838;31,11897255
11,99537095;28,68563786;38,91699337
21,72148703;15,8899656;23,3586895
22,40125571;17,27107728;17,7287894
36,86663992;16,15548112;15,80564404
10,63942486;33,42301012;23,23122565
30,37077441;37,18385591;30,2983178
20,71660443;38,44459907;11,87130922
11,26574408;37,47270039;13,3025052
29,1612927;25,90456563;38,84169374
31,60370683;28,64203945;31,66077797
20,6291752;20,95075345;15,2565694
20,75995764;28,05635113;37,88974331
28,51155671;26,36188161;15,92739203
16,48178329;15,25381184;24,43318472
27,3353954;39,61719297;39,01566849
33,03746132;23,6453501;26,27184411
36,38338097;12,62269487;28,49600369
19,58329682;34,86980525;17,22982457
29,06028094;16,20193151;20,43472384
23,82757595;19,48931553;39,61098502
14,854891;18,62572514;34,24101587
38,12066872;10,95113116;22,23319623
18,80541417;23,45274708;17,8665891
32,56183708;37,46276539;27,60273773
25,95151786;36,21489274;22,29871432
27,26210185;23,96870348;35,83895674
19,62598893;32,18385874;39,3279358
16,52374428;36,42389927;20,57137575
30,73201139;38,39382481;21,7081847
20,71625392;11,07875181;11,8800761
30,02398965;12,9257466;21,23713639
26,40815194;29,34075205;15,30962785
30,3520119;28,02040441;31,81148976
13,34510659;36,36924372;33,58014598
37,13228205;27,32651912;21,89791817
28,00476661;14,03735315;34,72832693
31,18862545;18,43614904;12,56539496
32,93267791;13,21187707;34,11473912
18,62190779;19,36687634;17,37536175
32,59096587;37,56859844;24,18332503
22,43555223;13,603918;12,54208137
15,99881495;32,49009255;24,42339313
24,95872875;35,92675365;29,78039867
17,37834948;17,35698354;29,82221422
28,52748246;24,81171144;12,38920177
33,28824133;16,64548552;10,21522162
26,61282469;11,09283287;14,04448205
37,03670305;22,55814507;33,78754464
25,40407753;25,62497508;36,26781467
36,07783883;33,67635603;32,66648501
29,14536772;28,42769834;18,59259459
37,33617031;32,93772431;38,10269761
33,90687653;32,43566697;18,14885328
36,75037268;18,02614212;13,21027383
38,86567836;29,50114276;22,86397988
27,65877799;34,19776843;31,81243073
28,51235606;30,15297926;12,05638338
33,07586787;27,29165002;11,61787659
23,3600796;28,45015899;21,61606157
35,49092;31,5569712;23,61018783
27,78411192;15,87248502;12,06118411
34,16998591;11,10898617;13,43150058
34,34123854;11,02740186;30,2404135
18,44108634;11,92075621;29,90075742
20,33657338;16,85045342;14,79645895
36,19431051;27,47148691;12,94079869
22,81676682;28,76576917;24,03222753
36,92664992;38,96042399;38,58501459
34,8286735;13,38455047;25,33352772
17,94672559;38,09488638;33,92284031
23,7275669;19,28139952;29,43220776
15,14065042;14,1397675;29,31041685
37,2757028;30,9143182;19,05995884
36,43283944;16,09550573;15,54453746
34,74144731;17,05085863;34,84373407
35,69163309;20,15371926;30,97851275
14,66676366;22,38640039;10,75233714
32,138998;39,5763644;19,38024292
33,98398635;36,540804;20,27286817
28,0791027;30,96722392;17,26755255
25,7259803;14,24647565;21,5138627
21,69424833;16,84496999;16,44733274
10,21202786;10,08504849;16,22815313
27,44802232;21,15526043;16,04509331
14,74245399;23,49447984;37,6723396
24,91316126;12,1087671;34,92111242
15,84898283;36,43590226;26,67943254
34,9087063;16,26936702;27,06890291
34,18879997;30,70864594;34,15784661
13,47220901;28,74794542;10,52367034
17,38789737;27,99274255;39,39143377
27,1739294;19,33512832;26,64403457
20,21729137;10,81217517;19,83012092
39,52213146;17,16465282;14,22779486
23,79148509;30,33353189;31,75524133
20,55981475;16,34092437;35,25389342
12,09565749;28,65345689;19,605469
36,83582887;32,64338087;12,94002931
30,97087944;14,71578784;16,69273122
21,45293846;16,00419397;14,32438149
16,59548121;16,9117918;20,72210431
17,90107158;11,47909367;27,63860419
29,6958837;24,54848423;21,86408072
30,47248663;29,55946447;24,98946714
33,70618382;23,42896489;28,15904824
18,326026;29,61448274;12,98253848
12,72653723;34,85262861;37,60209958
15,92589785;38,2514209;20,20643388
13,08247417;18,58614649;20,12702055
26,25677708;27,49765712;14,89642308
33,03100353;33,36522853;12,28134553
26,34093122;38,99417811;32,18761742
22,79121083;24,78544597;34,26827648
26,51656765;20,01280401;13,9496989
24,31331642;14,75432251;25,32617292
30,53296445;28,46851182;14,57693509
31,73569643;39,13381316;29,60837557
36,60801234;30,10904097;20,10301882
23,61373401;34,6655946;38,42812382
13,44214184;17,15701171;18,68506787
16,87418775;36,71584507;25,40714268
24,63066441;29,51628219;36,18716558
17,59707652;24,51383127;29,35284917
12,59400854;16,20397011;29,99766293
28,88264834;33,93437407;36,55740696
26,73022303;29,32884988;11,37787812
18,03627892;15,29917684;29,18570482
37,78459933;21,04317777;26,41660434
31,44037188;38,54835019;15,87655747
11,81036961;15,55615237;28,66660563
17,50450965;32,85689952;38,01737061
39,2719374;35,51260149;16,92897622
18,11290886;10,64970543;28,11963874
20,48381983;29,59911917;12,85531683
35,6951144;17,52869744;16,9269667
35,27399841;15,9719406;36,20905634
38,40194466;25,4789561;28,74346711
39,54997805;27,78708133;36,7277711
35,55883428;14,53748083;18,15486699
24,61995047;15,56744301;23,80374327
34,24658983;33,54282216;10,05579216
10,4880458;34,31655707;17,87574504
39,00264947;24,6717544;23,45754757
18,55235351;27,28982754;15,23141709
12,01181321;35,04197222;23,14523976
20,64506372;33,51915556;25,90777845
39,5468608;31,84280309;25,5732601
21,36701141;19,01578703;39,21091085
27,99386252;21,3997564;39,71263002
35,78580113;39,66189548;30,22418912
18,66484179;31,00678438;20,91260002
18,23012777;27,88196397;30,9346377
18,25868451;35,71799009;30,91387084
30,61721997;14,56415202;20,92789909
15,10421449;37,86978117;37,02134441
27,63142391;25,5378506;25,66280042
14,86294665;30,35623254;31,87756752
27,0265188;12,66705903;29,50556691
14,25798179;10,51902685;18,32490795
10,23132245;29,4965105;34,75748887
31,15982969;32,09228293;23,55215514
39,70167366;37,83977159;34,56279371
26,53123495;11,69347626;20,76018154
32,89731703;18,69889218;23,72962777
36,2644838;21,83161302;32,80113375
37,70230363;38,07377947;24,8966608
34,55758873;16,06440255;12,69097896
36,78617428;11,04534881;12,21697547
32,7355757;18,21775399;34,74267536
23,34528872;31,91063736;36,0269204
31,12219578;13,90793943;24,95773811
28,7208673;17,87548748;15,66623906
39,59791761;34,12227641;26,18731631
30,29107065;16,10010701;26,89840207
28,92746181;13,98484697;30,56246172
35,27679425;22,70718783;38,31593371
39,18845651;18,26307917;30,2587149
15,82488208;24,77028306;37,20283705
14,80270932;28,77459741;20,24752756
13,07418883;22,24697948;16,27011754
16,28332147;26,94648795;11,97468638
30,54418779;36,53915022;12,97133354
27,47302536;35,8150577;23,71392836
15,29396649;31,44071993;22,54023222
16,71210503;28,24497422;38,31692543
22,91197694;18,34586017;28,03808716
15,79204109;37,91625634;27,23635793
35,75917083;12,57587483;30,0940281
16,56760939;36,76977405;35,13933606
24,33346853;25,65548231;35,09453177
31,58258467;39,54744206;34,80541463
17,95942371;33,97522084;11,09390618
18,18948065;14,81631192;14,39751125
39,61710711;33,21537301;24,52408941
23,89563681;31,4557665;14,15388585
26,63933081;15,0668093;10,20281132
28,07443259;36,77704515;13,1451922
39,9601604;16,51071482;29,53301845
27,63270999;13,25385236;15,36361326
26,88263178;35,26151384;38,52303958
32,26850487;34,69201104;22,88511162
31,05408909;16,3863074;23,60323176
23,35455258;18,70399079;28,42801205
15,00843404;23,45557424;14,65289292
17,90755873;23,19508873;31,70711345
12,22507145;31,06977229;29,70862598
11,89942447;32,15959205;37,33907188
22,09863963;34,2689808;20,54378211
37,50125993;11,43350714;15,16271066
17,44284748;23,03650234;38,20026305
34,72252061;27,16276101;16,70064631
36,93611827;29,52475838;23,85384849
39,43355554;20,37630124;25,21344462
34,05788069;23,44717649;22,25446369
37,8940653;39,55413468;17,30687834
11,70211176;35,55822996;11,79290202
31,53199424;10,99694272;12,25004978
36,80166531;16,42562844;14,577521
12,12198175;19,8557153;22,81320892
36,82791394;30,47031203;20,92619417
29,25904477;19,96805769;18,76197956
19,59881022;12,90115263;25,05224162
24,56662947;29,63926868;29,84306525
37,26864686;13,46356832;10,1629689
22,17046359;17,17551024;32,57522332
25,34665187;11,17857557;30,97461592
13,60562786;15,50534337;11,90572783
22,14543671;32,02145583;21,83410483
22,87367359;24,08982731;23,93064368
22,05735391;31,74444972;30,38520267
37,5274534;32,9041076;20,23547911
39,38850346;23,89480227;14,92792507
24,34199085;25,49303966;20,04935485
12,28432426;22,14664202;38,84634873
32,02591063;13,78476405;21,75369958
10,41470525;29,84398001;26,06222042
27,5793069;19,96021457;18,36766571
28,01249495;17,51629135;37,33881844
34,57388424;14,65268441;32,47267365
32,10732057;38,99641452;28,11586983
20,37840599;20,59790976;31,45135569
21,54787346;38,37067252;20,67230064
17,68669137;21,18360739;33,13151358
22,76131929;31,28149167;35,04364714
28,79428126;23,77489863;37,80016455
24,71301854;37,79401548;19,96915391
36,09494447;18,799635;23,67260577
12,09618206;37,81350882;36,34083098
37,51133794;39,50101425;33,71926195
11,42489856;24,30626289;16,85921188
10,40856805;30,83515495;22,86651326
12,91304961;26,24665257;20,94058155
14,03081518;31,75188351;34,92796753
20,92259879;39,41957353;12,56001475
20,32859952;33,7803359;38,2880866
30,69418993;32,55627548;29,73148477
39,1791115;20,94243243;12,18357875
33,25180602;33,03096489;37,22333805
23,52188191;34,86670542;22,53906125
22,44322434;26,47105444;31,72826505
25,79071992;12,47509689;12,67679318
37,90685314;11,27337676;35,125799
31,97919538;30,0118667;24,24979863
35,41718862;15,79930879;18,0739921
18,68114181;18,79486632;29,05787957
36,63147942;20,8208358;27,429788
31,70170906;14,83369874;34,18998483
10,19096017;13,55925888;22,60483391
31,50125296;11,74244159;20,75736117
28,90486625;11,4374247;15,30032731
27,60642676;15,82078611;16,14726061
16,53856669;14,49213152;15,17221965
36,20342121;25,28487975;36,47855921
28,22810091;17,60339584;32,04231369
24,18831343;17,84456561;22,03245021
26,02345707;27,47899288;36,91968329
33,34154591;19,99007482;35,03667171
32,41096332;23,95550108;22,87439577
31,2879516;32,2541542;37,04389435
19,92954642;32,68799301;32,32487437
35,9287424;16,79284355;27,08571111
19,05380163;24,92792501;14,60482979
10,53289749;11,52482377;30,63067268
33,54204925;21,29498185;38,34571073
11,44985839;39,47364834;19,37387517
31,6225301;39,68819732;15,38135497
11,7184433;14,40431634;12,73522049
15,55596664;12,23834034;11,95411446
22,72160394;33,4579633;21,68978225
13,8003616;12,46316563;25,04014418
30,49276463;37,97233455;15,81575673
39,35463284;12,27667675;12,599165
19,66930688;37,48121492;27,35251848
17,96103561;12,03354728;31,43403038
23,42443456;38,00180598;30,83026764
11,83535764;36,63016708;21,19044927
38,83303671;22,4951063;24,44275495
11,56323026;12,89907755;19,81818473
34,6438044;18,98315701;31,04488247
36,99870573;11,63298351;36,14611386
34,65866921;32,58366276;28,00426526
13,03034884;13,03852497;12,19363653
15,76785884;14,90911339;26,23041871
29,46397784;34,75038801;31,0727205
29,93142015;11,93492849;36,39549739
38,26185854;27,18852258;32,39273427
35,37857937;21,54074536;36,45050683
17,73369848;21,09886119;19,55897543
18,15984504;22,85282943;13,68895979
18,23911526;23,08181345;11,44719005
30,8047568;34,53073941;31,77507471
20,04233517;20,86152198;21,76802284
11,6157938;14,13059162;25,90574083
35,59390206;38,02442475;31,7023263
28,17672714;11,48780885;34,24320756
17,25736569;34,83712681;20,75962102
34,16060398;37,57132694;32,97919392
16,65610992;28,58047678;15,22337872
34,45744622;10,94516793;24,43083172
12,73355736;13,87964362;19,61800147
12,81768379;38,97697953;24,32302465
25,442985;30,9658429;17,32168995
30,54360125;39,59890588;13,1670763
19,42879591;32,80791965;19,76350281
20,04189413;26,08824945;16,1617229
11,33605977;17,38540282;34,61672232
24,1352785;25,3762854;31,55754216
34,12314001;39,66917531;36,54992021
28,66046053;33,30752951;38,85191786
23,07886294;10,35203257;33,79163211
38,8639022;10,28415751;24,53097656
38,40377557;27,04679962;25,96542065
22,14360654;14,73540113;35,19166287
23,557649;38,86918802;22,5972372
17,19486821;14,09469868;37,94173279
23,15188957;24,94093617;13,81123549
25,75618342;20,35777412;23,83274921
14,51782264;32,95945992;13,8735327
10,64322981;21,50962099;10,93757806
30,14723302;13,74995173;10,23689469
34,40594499;14,26578179;22,4200252
33,5072634;15,0301061;24,17536099
28,50458396;12,24906428;13,45620197
30,92094647;12,88721596;31,88934504
25,36971415;23,48516896;23,76747208
10,39540531;15,79688159;13,66694809
14,7882668;38,75245673;22,61307601
39,58832721;11,3209373;30,62558521
23,00517538;14,5363872;19,33545631
22,96008373;28,80356301;33,33677593
17,83795098;30,4307916;20,30171807
21,88646141;23,70866743;36,57363412
13,98368257;27,26252613;17,34812694
26,79512764;11,34722404;30,90921672
19,863121;32,34271466;23,83421401
16,37550427;29,16351854;38,20629241
32,06445318;13,81711201;29,95368265
27,9782042;15,10386254;10,95956708
17,42278915;12,03293043;18,48592766
22,03016633;30,57283663;23,10232674
24,10473477;14,23234017;14,73864103
27,98511841;17,5586105;13,20941627
37,37633362;19,47981098;34,67143072
20,72719292;13,65134041;26,34063977
26,42591574;23,24513185;17,19210785
31,66801523;22,41363475;39,24736788
15,24841852;35,3018082;13,79347158
27,08098677;17,2223212;32,34955003
20,72403732;28,59085754;23,26669356
27,87284863;32,28705455;32,08317725
11,25598598;16,18490437;17,14832868
22,33886159;16,3502956;18,61479507
35,42063722;30,2418077;30,72296926
22,88122928;39,28521072;28,87452069
19,68092405;35,69315449;38,43808071
18,67871747;25,65358983;21,24226672
38,05624178;28,0947236;24,80105632
11,39820631;13,9379477;12,03520325
35,40671799;13,79607761;37,05698244
33,91112268;15,08588243;38,91820152
24,1764207;36,85640741;16,21274448
11,96468917;20,28428767;15,24302609
38,84899893;39,47434522;33,65237321
12,93615572;19,35962557;23,60183317
25,07680313;38,62399712;26,10186898
11,15605199;21,49647911;22,32935789
32,02415995;33,85629061;22,06475152
37,86848967;30,23323666;36,169141
17,94521685;25,87246098;30,60367797
10,28737604;34,45195431;23,73666104
39,61204224;17,0186307;17,98510649
36,88063226;15,6202013;33,58909699
27,11202831;19,46788192;11,16525495
18,35914481;22,80859179;22,60308376
30,63491523;19,72025692;28,97924761
35,98141737;29,59063793;26,82322132
24,19294305;25,13908813;13,42878599
33,80697328;32,52462009;37,63704327
18,27149933;31,41209041;16,61697283
38,00545716;35,9671433;28,69156616
25,37895844;18,43947194;13,80284636
28,28780107;16,23280044;28,10887893
12,69090953;38,47665344;15,97763737
22,66229497;27,73962464;27,86553851
36,21045128;18,55014225;22,50262802
38,70408293;20,23541216;27,87061454
22,27839844;15,37080356;23,37272073
18,76465447;24,23680334;12,94468506
31,10532331;34,50552946;34,91040189
10,53039384;23,91779051;32,45168489
34,73654112;15,72907524;37,95399113
30,15188306;39,23875119;39,48687779
29,64648053;35,57468843;34,50430653
25,06901118;25,16742291;12,43583259
12,80154591;28,55769168;27,90166955
12,78671489;14,44828981;12,7249522
21,17003469;26,27535287;34,17150138
10,86134863;30,64800989;29,00382997
13,09405464;16,45352579;12,74043446
19,02947206;28,73885826;16,75062197
31,14351176;13,80763415;23,4134483
38,94115871;39,7533091;37,87538213
13,17876023;24,27626064;18,1334709
39,59669929;18,01425468;29,03823192
39,08352891;19,88478673;14,50692288
31,94628264;36,14110475;16,62262669
36,15132405;37,49301263;28,79886609
33,93867961;29,26726763;27,91277395
17,55432584;35,04089406;10,69716804
12,07090314;33,88308749;16,02103257
33,57201363;19,99184628;27,50631148
16,59623588;38,57275143;21,12831382
16,82590042;15,54241256;37,32433069
39,44967284;13,97806962;34,25707145
22,70749703;28,65976061;10,5975746
16,1233779;16,79870031;23,83039068
30,08656559;24,00957316;11,05847858
32,27746153;37,13581876;39,40170593
24,89159506;20,10152025;28,15659374
25,56622687;38,84229075;30,69981599
15,19435324;34,10791907;30,74446347
38,25218535;10,71050629;25,14098807
36,19015242;10,79361289;14,85081575
18,35614057;18,72307297;14,25833172
15,85455652;10,67505027;27,79173306
31,1538652;38,40184721;37,44154763
26,51874678;36,23103564;23,8985383
34,44670842;23,84980898;18,23604109
17,83588394;34,73557742;12,73770339
11,71952593;30,35667151;39,87069707
10,45188334;20,83613839;37,26525811
39,92930111;39,59344094;12,66528245
27,50712878;30,30144956;26,06252899
20,61981923;39,41385638;23,9621983
34,88835869;23,17559439;39,48729664
10,62015034;35,5663762;33,03178571
21,81599939;18,42615804;39,60553572
38,1491722;35,40001043;12,15575103
20,23054614;24,73489448;27,5317589
18,41744525;26,39239661;10,84711357
14,13496397;15,49181691;28,69021853
14,18621351;34,58881017;22,44529549
29,59166916;32,1492989;21,17522351
23,7899617;25,6234202;31,2705809
32,97371534;32,3844302;21,70110022
29,14008413;27,05469366;15,78972037
14,71755032;21,2427829;37,70629232
18,48338799;31,56977146;24,29519045
26,71121255;37,1285728;13,16028601
13,47020908;30,12284843;34,18257176
36,12691547;35,96899707;23,52790589
10,12598926;26,58475136;19,09328938
11,4899934;31,33890711;34,40814226
24,33315618;23,64462654;28,9235248
33,27866027;21,07555655;25,95692851
23,92483426;33,81718426;12,28311448
16,38862047;18,94366613;19,73965596
24,73937773;34,60190707;32,3732123
14,38236785;14,90225343;12,34074559
37,57640868;15,63260886;22,68637897
22,93064848;21,9223063;14,69796042
26,61450828;17,18826284;13,77111545
23,0230285;10,54968454;12,36495909
21,55723945;19,6259935;21,53726133
31,262217;39,20639072;21,94016153
39,11056328;22,03561392;39,95237911
33,30378702;18,12015031;18,81201709
24,29686068;10,79657675;30,62645482
38,76015766;23,93639286;27,70095239
11,65904478;12,99540972;19,30516993
32,25262002;14,67511759;32,35786499
23,33103785;39,96445902;19,74968281
12,62274723;13,6886531;33,77911065
27,60655834;14,8398077;31,10849216
29,93028065;38,50217194;14,61935572
15,30034078;19,85993974;26,0385879
39,10818721;14,49960279;23,56039225
38,59551554;31,66254115;12,10912602
18,284225;25,16407049;10,44636726
13,22415046;15,85214419;31,63097105
13,22043722;19,83903054;34,2491381
38,7340182;26,15067242;35,45810995
19,12826373;16,35400441;31,44454712
37,27147687;34,99247546;27,28810861
30,75753956;17,92195719;15,20970658
29,82110504;32,43311131;16,52086437
32,26642763;29,02688485;17,87487614
31,70469706;12,08465617;17,69849914
15,39949919;22,70290503;17,30496649
23,93121556;21,61482949;30,24424314
17,47545134;20,12430693;17,28334001
22,0373155;38,49269238;31,09978532
17,98385584;22,38055123;33,60552369
18,07141469;33,79705464;18,57869296
24,27067438;26,28253945;27,46907876
31,75244146;10,06132629;11,68791275
10,05960628;22,6469163;29,06895204
17,60827342;25,80303665;33,30617288
23,65270659;24,6502698;30,25149066
28,50075885;38,89114126;23,18991664
24,06068818;34,1325604;22,42255663
18,14405791;16,40933859;20,51428569
30,10416257;30,92148057;12,30497778
34,33696715;29,89576424;17,82527092
15,12099231;20,25825567;24,55308914
28,31580744;37,7657111;26,93179765
13,41130218;27,92425267;29,01371429
35,32776057;29,60936207;32,77796509
28,0349654;25,63048687;24,58177587
21,37769976;18,36008163;24,29336004
23,46381978;11,18283108;17,24494388
16,14895054;15,53165054;28,01416951
34,55014892;30,71610257;14,34109973
39,98231606;22,59716307;15,32021648
16,73621561;28,75645358;11,48875121
30,28884537;30,46240025;23,34279659
19,72029356;26,15762724;25,65824616
20,50979673;31,51127385;15,17958081
10,172203;36,53615805;30,00522429
25,12462294;28,55165823;29,92494874
39,86290351;25,5474003;32,77100528
32,58848084;26,23321512;20,35445395
33,35754616;36,48613539;31,9917852
13,39652169;19,17485728;35,46696563
17,90093858;36,49108392;27,37228647
38,72998211;22,51560192;18,74607408
18,87949454;14,23919033;21,60922853
35,98242054;22,0720889;18,80618463
12,74781196;17,41599154;34,97790551
24,7266452;10,60592834;17,50536414
20,95912825;15,71484173;32,78651415
14,8277028;35,31870875;38,28780155
11,57829415;32,87757883;13,63717272
15,63016312;10,90778122;29,23474197
30,52926068;39,7657444;37,13673715
36,23752233;25,26537441;16,7378879
26,0031367;33,52112804;20,05286365
29,42356242;25,01249218;39,2849207
29,33011073;36,36639924;11,69669684
30,00418992;11,45247249;20,40919436
39,96174875;31,09793453;17,06970036
15,04769133;37,4752351;17,44175655
26,89987249;14,77196262;25,85301282
33,99549443;25,9733426;20,32595855
23,65428056;23,08543552;13,69633509
35,4513117;36,38489406;26,70856708
38,06568729;34,67487987;22,01828586
39,96364713;31,61104055;13,23697343
12,19254462;14,22038032;25,761883
27,66589369;38,09165052;28,06037423
11,03870457;35,73641808;37,07675929
34,54623401;12,68794311;11,04927086
12,65938957;11,20795653;22,36092268
37,42865719;39,21438699;31,30659479
32,31738055;28,90662121;24,1791274
22,41753451;11,77008264;28,94620515
32,93061017;26,50575148;13,61933804
16,76375008;10,69745181;36,05670153
37,44812754;35,89356289;39,66895171
38,7319235;35,2750195;37,2189588
12,25024373;29,06297528;16,73130968
10,15034829;19,63678618;37,43106903
29,47591779;17,94853644;21,35571177
33,86944445;18,5461389;32,72107577
29,64764695;33,36087479;24,18838625
13,73393333;17,77828148;28,16050571
17,63283641;10,97655539;29,13216086
28,81351981;20,73138138;21,35452538
23,10845341;17,41552989;33,70849745
37,8562152;16,25055994;19,93547766
29,21937394;33,14360372;19,3271773
25,17524946;16,74289644;30,71718883
13,3072603;29,51533033;30,63129896
18,42163663;24,64704805;19,09061032
39,85825481;21,93270336;14,60377909
14,94005606;20,2899977;30,00802328
37,15947047;24,43529389;15,58393508
26,72106151;27,61505077;16,26375182
12,47839577;21,20831662;33,73908782
25,97804788;30,64121773;11,69914536
38,30522639;24,93701905;33,67803734
16,16347122;14,16097267;26,6591533
16,5880627;13,34653814;37,76991835
39,75075274;22,94461594;22,03366248
28,01413377;13,1796078;35,61431714
21,91078042;30,33840986;28,90815417
29,5205377;32,32778568;36,28505472
37,8744605;30,13928313;19,58893934
11,45066543;15,68773366;27,85997591
15,38902407;31,57477401;39,02459127
35,0122278;30,51959294;37,11571971
27,72698053;29,62278606;30,9802224
34,95775681;22,05042826;10,9560345
33,8299868;12,84244788;20,16670441
16,5901336;25,50084194;12,4292628
26,54966105;17,39983578;35,92421061
12,90948638;37,01544428;16,0924442
23,89269322;18,6909644;33,93841957
19,23049018;11,58903993;12,66017032
18,278481;30,23529212;23,91574409
31,01478613;25,01775145;23,55915014
16,31156511;21,00255337;22,79567025
21,40339846;11,56954492;12,74771214
29,35451724;19,61133593;18,0316254
23,09018465;10,12293376;32,1727274
17,88519508;19,09957582;24,26024328
21,4365515;37,17519036;35,83273116
12,72599686;17,45277321;14,58176673
20,70761736;13,41512074;39,48041952
10,66060577;24,87278478;30,21335182
19,12451535;20,96889126;11,62712109
28,24875288;10,71538121;20,91457871
25,38613012;38,49132503;30,99867446
20,75872383;11,87176479;13,39597375
25,54201418;16,50420548;19,84836249
36,43095133;18,44604207;13,95187053
14,0247192;27,90873492;27,73826724
13,01843825;12,94796905;37,12455479
26,06637745;35,07943997;22,69734809
31,90033343;34,35960128;28,71728127
13,02851769;14,14801077;21,97017053
32,75739745;15,81285173;11,3902775
17,7656863;26,60431229;13,80114749
39,87986363;22,30093761;27,83050082
27,49511804;22,65353433;30,82299432
39,60540505;36,01979974;30,15887127
14,79195716;23,88273851;27,99277891
23,91759966;20,77387837;32,64020409
29,56246572;29,46435626;36,87139975
13,67536536;10,29908524;23,4373535
17,89720032;35,73092768;33,43267901
18,70257264;35,15872273;10,46809171
33,76743598;18,24616494;20,4484597
19,07021785;36,14666164;11,26908839
16,86004044;30,68698674;11,31128287
14,30040996;37,56077375;24,80061789
16,01629137;19,6621424;30,98192944
31,34930596;28,87985095;12,79479546
10,92383451;10,42313352;20,51632303
13,4542497;39,5751005;15,45761749
37,04378462;15,99121241;13,56388652
17,92761498;18,36894465;32,81219819
22,86986366;12,80723106;34,13015424
31,48661026;14,36508537;38,2812455
28,63774844;18,61330115;14,57532949
29,34150262;20,38157359;36,32050067
32,21619261;37,49267569;11,26187123
39,68653837;17,33563053;38,06610433
31,85208971;13,57579807;16,17658639
17,39109714;23,43376386;38,13008128
30,51550591;19,54944431;23,7745781
29,49379301;36,95784359;21,68241068
34,75036783;35,1208327;13,6167076
23,27974458;35,54131741;22,70103136
10,70151355;10,48645158;23,04598339
28,57045979;23,61911577;32,52217732
38,32131346;32,37327353;30,00198789
34,05064242;12,04541853;30,7300659
19,91517751;17,20552446;15,20617158
22,62283104;16,56584116;28,47625272
39,53715966;11,94068102;10,1867329
35,58088552;12,64975968;23,44575913
28,80607515;11,83046154;12,05900575
37,40974268;19,04779512;19,83249435
12,7565974;26,84523872;33,73247465
30,11740858;17,32835959;14,12201966
23,2347346;16,90396959;27,82844668
29,83121795;14,02585658;14,71928444
39,85270504;32,56647297;27,32170255
29,96432599;27,78734545;16,17112534
17,25648439;25,46807384;12,72384572
20,84338974;11,601956;12,93627472
27,7307596;31,15974844;20,94155674
20,34614579;33,74073006;20,92846375
35,37150227;13,2928998;10,56887697
24,18560644;20,81432333;29,6721607
35,50418776;29,74789221;13,47383311
15,91706653;21,14298979;32,32355021
37,39467022;12,74403189;34,76534145
16,5359841;39,22910271;13,56688465
19,97791345;38,14766771;30,72039513
38,72937413;30,87391079;21,65581046
15,0823507;12,42022352;21,1041618
37,25485289;26,78550668;37,58913316
33,32420361;19,75183352;20,84569389
28,69394058;37,42442299;33,92129696
14,42454332;11,01183507;26,14153942
14,0094125;36,1041341;36,12613932
30,97997304;23,38519012;36,02078703
16,45005157;14,88748866;23,85966543
23,59661315;19,50920569;38,5615711
39,257309;31,11326011;35,85464328
12,43016933;30,72321943;39,60381604
23,05522293;11,69878226;22,50942418
32,31078606;26,84909821;36,90984849
39,88210502;37,4797098;31,50919294
30,58582609;32,58946408;37,59927156
33,69549657;28,63263457;14,47401719
18,59604017;13,78640189;26,85472879
25,10694087;17,03858433;28,3420155
39,95438044;18,79013122;30,42772659
16,88873162;35,88987793;26,14399408
20,85850076;11,20282877;32,67677056
18,13256826;36,52788995;25,02206315
28,35754237;17,20719815;29,26239035
26,07248048;20,25368137;13,76710984
20,16551666;19,73092547;16,82179332
30,8705929;36,70246304;25,8935317
16,47405901;34,23673066;15,39041759
31,78850668;30,5791062;22,35445151
10,31281965;22,12700957;12,05480438
23,15501084;14,07852662;22,04112452
36,56390292;18,7534004;19,1553302
11,72718952;13,28766233;14,69916898
22,48034941;22,22206306;25,60999847
38,60026075;33,80517837;11,7923238
30,9589894;10,39559476;20,83272441
22,7466985;11,5300798;18,39891795
21,48080814;17,16269147;18,17113802
19,4653036;22,78409363;23,12402865
11,23354544;26,23248182;32,55800054
22,82454527;12,0319361;12,20376301
34,43537329;15,58666172;14,91035171
17,48702425;34,2738915;36,7604701
27,55588784;13,98652907;25,78532983
34,29293498;16,78791853;23,36966568
10,29037368;34,70912331;23,59339905
21,649992;32,78266279;35,26008763
32,83371647;23,82448345;18,895661
22,41049122;24,61237867;27,23216884
19,81123206;23,91871494;21,33445528
39,78041225;37,66687421;35,09710018
14,56401471;27,61630142;29,47112733
25,94483816;28,69854774;18,09424268
20,68239966;10,57829641;23,19756415
