-- phpMyAdmin SQL Dump
-- version 5.2.1
-- https://www.phpmyadmin.net/
--
-- Gép: 127.0.0.1
-- Létrehozás ideje: 2026. Jan 29. 17:41
-- Kiszolgáló verziója: 10.4.32-MariaDB
-- PHP verzió: 8.2.12

SET SQL_MODE = "NO_AUTO_VALUE_ON_ZERO";
START TRANSACTION;
SET time_zone = "+00:00";


/*!40101 SET @OLD_CHARACTER_SET_CLIENT=@@CHARACTER_SET_CLIENT */;
/*!40101 SET @OLD_CHARACTER_SET_RESULTS=@@CHARACTER_SET_RESULTS */;
/*!40101 SET @OLD_COLLATION_CONNECTION=@@COLLATION_CONNECTION */;
/*!40101 SET NAMES utf8mb4 */;

--
-- Adatbázis: `allatgyogyaszat`
--
CREATE DATABASE IF NOT EXISTS `allatgyogyaszat` DEFAULT CHARACTER SET utf8mb4 COLLATE utf8mb4_general_ci;
USE `allatgyogyaszat`;

-- --------------------------------------------------------

--
-- Tábla szerkezet ehhez a táblához `fajta`
--

CREATE TABLE `fajta` (
  `id` int(11) NOT NULL,
  `fajtanev` varchar(30) DEFAULT NULL,
  `kep` varchar(250) NOT NULL
) ENGINE=InnoDB DEFAULT CHARSET=utf8mb4 COLLATE=utf8mb4_general_ci;

--
-- A tábla adatainak kiíratása `fajta`
--

INSERT INTO `fajta` (`id`, `fajtanev`, `kep`) VALUES
(1, 'vizsla', 'https://www.pet4you.hu/img/big/Drotszoru_magyar_vizsla_1200x1200px.jpg'),
(2, 'kuvasz', 'https://www.pet4you.hu/img/big/Kuvasz_1200x1200px.jpg'),
(3, 'komondor', 'https://www.pet4you.hu/img/big/Komondor_1200x1200px.jpg'),
(4, 'puli', 'https://www.pet4you.hu/img/big/Puli_1200x1200px.jpg'),
(5, 'afgán agár', 'https://www.pet4you.hu/img/big/Afgan_Agar_1200x1200px.jpg'),
(6, 'cocker spaniel', 'https://www.pet4you.hu/img/big/Angol_cocker_spaniel_1200x1200px.jpg'),
(7, 'golden retriever', 'https://www.pet4you.hu/img/big/Golden_retriever_1200x1200px.jpg'),
(8, 'német juhász', 'https://www.pet4you.hu/img/big/Nemetjuhasz_1200x1200px.jpg'),
(9, 'labrador', 'https://www.pet4you.hu/img/big/Labrador_1200x1200px.jpg'),
(10, 'bull masztiff', 'https://www.pet4you.hu/img/big/Bullmasztiff_1200x1200px.jpg'),
(11, 'beagle', 'https://www.pet4you.hu/img/big/Beagle_1200x1200px.jpg'),
(12, 'boxer', 'https://www.pet4you.hu/img/big/Boxer_1200x1200px.jpg'),
(13, 'tacskó', 'https://www.pet4you.hu/img/big/Szalkasszoru_Tacsko_1200x1200px.jpg'),
(14, 'uszkár', 'https://www.pet4you.hu/img/big/Kozep_Uszkar_1200x1200px.jpg'),
(15, 'yorkshire terrier', 'https://www.pet4you.hu/img/big/Yorkshire_Terrier_1200x1200px.jpg'),
(16, 'dobermann', 'https://www.pet4you.hu/img/big/Dobermann_1200x1200px.jpg'),
(17, 'schnauzer', 'https://www.pet4you.hu/img/big/Torpeschnauzer_1200x1200px.jpg'),
(18, 'rottweiler', 'https://www.pet4you.hu/img/big/Rottweiler_1200x1200px.jpg'),
(19, 'husky', 'https://www.pet4you.hu/img/big/Sziberiai_Huski_1200x1200px.jpg');

-- --------------------------------------------------------

--
-- Tábla szerkezet ehhez a táblához `gazda`
--

CREATE TABLE `gazda` (
  `id` int(11) NOT NULL,
  `nev` varchar(50) DEFAULT NULL,
  `kerulet` int(11) DEFAULT NULL,
  `telefon` varchar(20) NOT NULL,
  `email` varchar(50) NOT NULL
) ENGINE=InnoDB DEFAULT CHARSET=utf8mb4 COLLATE=utf8mb4_general_ci;

--
-- A tábla adatainak kiíratása `gazda`
--

INSERT INTO `gazda` (`id`, `nev`, `kerulet`, `telefon`, `email`) VALUES
(1, 'Medgyessy János', 19, '+36 30 696 4574', 'medgyessy.janos1@email.hu'),
(2, 'Magyar Ferenc', 19, '+36 30 440 3953', 'magyar.ferenc2@email.hu'),
(3, 'Darázs Attila', 17, '+36 30 317 7775', 'darazs.attila3@email.hu'),
(4, 'Tóth Edina', 18, '+36 30 780 7237', 'toth.edina4@email.hu'),
(5, 'Agárdi Anikó', 19, '+36 30 955 4873', 'agardi.aniko5@email.hu'),
(6, 'Kaló Lehel', 19, '+36 30 142 5535', 'kalo.lehel6@email.hu'),
(7, 'Nagy Pál', 19, '+36 30 164 4377', 'nagy.pal7@email.hu'),
(8, 'Verpeléti Ferenc', 20, '+36 30 140 2320', 'verpeleti.ferenc8@email.hu'),
(9, 'Medgyessy Miklós', 17, '+36 30 503 9520', 'medgyessy.miklos9@email.hu'),
(10, 'Magyar Etelka', 10, '+36 30 640 4267', 'magyar.etelka10@email.hu'),
(11, 'Farkas Dénes', 18, '+36 30 273 4021', 'farkas.denes11@email.hu'),
(12, 'Lukács András', 20, '+36 30 169 4847', 'lukacs.andras12@email.hu'),
(13, 'Kuti József', 19, '+36 30 883 1273', 'kuti.jozsef13@email.hu'),
(14, 'Bethlen Mariann', 18, '+36 30 147 1225', 'bethlen.mariann14@email.hu'),
(15, 'Megyeri Miklós', 18, '+36 30 218 4362', 'megyeri.miklos15@email.hu'),
(16, 'Szekeres Roland', 18, '+36 30 670 9388', 'szekeres.roland16@email.hu'),
(17, 'Szabó Miklós', 20, '+36 30 160 7069', 'szabo.miklos17@email.hu'),
(18, 'Csopaki Bálint', 19, '+36 30 135 5193', 'csopaki.balint18@email.hu'),
(19, 'Hertelendi Géza', 10, '+36 30 504 8339', 'hertelendi.geza19@email.hu'),
(20, 'Latorczai József', 20, '+36 30 835 1966', 'latorczai.jozsef20@email.hu'),
(21, 'Jánosi Géza', 10, '+36 30 913 5068', 'janosi.geza21@email.hu'),
(22, 'Ullmann Dénes', 10, '+36 30 681 8122', 'ullmann.denes22@email.hu'),
(23, 'Antal Géza', 10, '+36 30 200 2533', 'antal.geza23@email.hu'),
(24, 'Szűcs László', 18, '+36 30 122 6977', 'szucs.laszlo24@email.hu'),
(25, 'Csopaki Ferenc', 17, '+36 30 133 6210', 'csopaki.ferenc25@email.hu'),
(26, 'Eszes Andrea', 18, '+36 30 344 2289', 'eszes.andrea26@email.hu'),
(27, 'Kuhárszky Andrea', 20, '+36 30 348 4320', 'kuharszky.andrea27@email.hu'),
(28, 'Cseszneki Dávid', 17, '+36 30 881 3077', 'cseszneki.david28@email.hu'),
(29, 'Zsolnai Zoltán', 20, '+36 30 725 8509', 'zsolnai.zoltan29@email.hu'),
(30, 'Vállas Helga', 20, '+36 30 168 9647', 'vallas.helga30@email.hu'),
(31, 'Csala József', 20, '+36 30 682 1640', 'csala.jozsef31@email.hu'),
(32, 'Darázs Etelka', 18, '+36 30 783 4785', 'darazs.etelka32@email.hu'),
(33, 'Magyar Klaudia', 19, '+36 30 116 9294', 'magyar.klaudia33@email.hu'),
(34, 'Tóth Anikó', 20, '+36 30 875 1688', 'toth.aniko34@email.hu'),
(35, 'Szűcs Zsuzsanna', 19, '+36 30 164 6446', 'szucs.zsuzsanna35@email.hu'),
(36, 'Gesztesi Dénes', 18, '+36 30 257 8492', 'gesztesi.denes36@email.hu'),
(37, 'Hegyi Lehel', 10, '+36 30 382 3444', 'hegyi.lehel37@email.hu'),
(38, 'Józsa Judit', 17, '+36 30 536 6653', 'jozsa.judit38@email.hu'),
(39, 'Verpeléti Pál', 20, '+36 30 133 9538', 'verpeleti.pal39@email.hu'),
(40, 'Bethlen Bálint', 19, '+36 30 324 7987', 'bethlen.balint40@email.hu'),
(41, 'Jánosi Lajos', 10, '+36 30 992 2440', 'janosi.lajos41@email.hu'),
(42, 'Tolnai Géza', 18, '+36 30 471 7893', 'tolnai.geza42@email.hu'),
(43, 'Turai Dénes', 18, '+36 30 446 4463', 'turai.denes43@email.hu'),
(44, 'Csopaki Miklós', 18, '+36 30 483 5767', 'csopaki.miklos44@email.hu'),
(45, 'Kuhárszky Roland', 20, '+36 30 654 3930', 'kuharszky.roland45@email.hu'),
(46, 'Vörös Pál', 18, '+36 30 410 7161', 'voros.pal46@email.hu'),
(47, 'Józsa Judit', 18, '+36 30 788 5115', 'jozsa.judit47@email.hu'),
(48, 'Solymos Etelka', 10, '+36 30 899 5764', 'solymos.etelka48@email.hu'),
(49, 'Halmos Dávid', 18, '+36 30 478 1152', 'halmos.david49@email.hu'),
(50, 'Farkas Attila', 18, '+36 30 124 5081', 'farkas.attila50@email.hu'),
(51, 'Tóth Andrea', 18, '+36 30 482 6660', 'toth.andrea51@email.hu'),
(52, 'Molnár András', 18, '+36 30 446 8581', 'molnar.andras52@email.hu'),
(53, 'Baranyai László', 18, '+36 30 758 9964', 'baranyai.laszlo53@email.hu'),
(54, 'Balogh Lajos', 20, '+36 30 849 3736', 'balogh.lajos54@email.hu'),
(55, 'Antal Attila', 17, '+36 30 998 7056', 'antal.attila55@email.hu'),
(56, 'Koller Helga', 20, '+36 30 573 1067', 'koller.helga56@email.hu'),
(57, 'Medgyessy Roland', 19, '+36 30 957 7445', 'medgyessy.roland57@email.hu'),
(58, 'Zsák András', 19, '+36 30 880 7489', 'zsak.andras58@email.hu'),
(59, 'Turai András', 18, '+36 30 797 7507', 'turai.andras59@email.hu'),
(60, 'Eszes Tibor', 10, '+36 30 843 8096', 'eszes.tibor60@email.hu'),
(61, 'Halmos Pál', 18, '+36 30 449 1781', 'halmos.pal61@email.hu'),
(62, 'Zsolnai László', 20, '+36 30 740 3157', 'zsolnai.laszlo62@email.hu'),
(63, 'Darázs Attila', 19, '+36 30 301 4390', 'darazs.attila63@email.hu'),
(64, 'Baranyai János', 18, '+36 30 460 9447', 'baranyai.janos64@email.hu'),
(65, 'Turai Miklós', 19, '+36 30 849 8120', 'turai.miklos65@email.hu'),
(66, 'Horkai Zoltán', 19, '+36 30 906 4991', 'horkai.zoltan66@email.hu'),
(67, 'Baranyai Roland', 19, '+36 30 530 4361', 'baranyai.roland67@email.hu'),
(68, 'Bihari Ferenc', 10, '+36 30 539 6659', 'bihari.ferenc68@email.hu'),
(69, 'Kovács Péter', 10, '+36 30 842 2158', 'kovacs.peter69@email.hu'),
(70, 'Békési Tibor', 20, '+36 30 658 6167', 'bekesi.tibor70@email.hu'),
(71, 'Agárdi Lajos', 17, '+36 30 509 3949', 'agardi.lajos71@email.hu'),
(72, 'Medgyessy Zsuzsanna', 18, '+36 30 100 3052', 'medgyessy.zsuzsanna72@email.hu'),
(73, 'Fekete Andrea', 19, '+36 30 788 8553', 'fekete.andrea73@email.hu'),
(74, 'Csala Attila', 18, '+36 30 409 9035', 'csala.attila74@email.hu'),
(75, 'Agárdi Judit', 10, '+36 30 107 4620', 'agardi.judit75@email.hu'),
(76, 'Tóth Edina', 17, '+36 30 914 1642', 'toth.edina76@email.hu'),
(77, 'Darázs Dénes', 18, '+36 30 553 6874', 'darazs.denes77@email.hu'),
(78, 'Halmos Roland', 19, '+36 30 822 2439', 'halmos.roland78@email.hu'),
(79, 'Szabó Géza', 17, '+36 30 751 2495', 'szabo.geza79@email.hu'),
(80, 'Verpeléti Klaudia', 10, '+36 30 412 4332', 'verpeleti.klaudia80@email.hu'),
(81, 'Csopaki Roland', 17, '+36 30 375 8109', 'csopaki.roland81@email.hu'),
(82, 'Darázs Miklós', 20, '+36 30 393 5402', 'darazs.miklos82@email.hu'),
(83, 'Molnár József', 18, '+36 30 652 8104', 'molnar.jozsef83@email.hu'),
(84, 'Eszes Géza', 10, '+36 30 236 9650', 'eszes.geza84@email.hu'),
(85, 'Magyar András', 20, '+36 30 571 2424', 'magyar.andras85@email.hu'),
(86, 'Molnár Péter', 20, '+36 30 501 4418', 'molnar.peter86@email.hu'),
(87, 'Darázs Attila', 19, '+36 30 303 4835', 'darazs.attila87@email.hu'),
(88, 'Császár Andrea', 18, '+36 30 960 4426', 'csaszar.andrea88@email.hu'),
(89, 'Balogh Mariann', 10, '+36 30 283 5582', 'balogh.mariann89@email.hu'),
(90, 'Nagy János', 17, '+36 30 238 9328', 'nagy.janos90@email.hu'),
(91, 'Zsolnai Zoltán', 17, '+36 30 500 2513', 'zsolnai.zoltan91@email.hu'),
(92, 'Megyeri Dávid', 18, '+36 30 239 5527', 'megyeri.david92@email.hu'),
(93, 'Solymos Bálint', 19, '+36 30 811 2641', 'solymos.balint93@email.hu'),
(94, 'Szekeres Lajos', 17, '+36 30 757 4743', 'szekeres.lajos94@email.hu'),
(95, 'Cseszneki János', 18, '+36 30 773 1518', 'cseszneki.janos95@email.hu'),
(96, 'Medgyessy Mariann', 10, '+36 30 752 3600', 'medgyessy.mariann96@email.hu'),
(97, 'Horkai János', 10, '+36 30 424 4496', 'horkai.janos97@email.hu'),
(98, 'Balogh Attila', 17, '+36 30 868 7807', 'balogh.attila98@email.hu'),
(99, 'Halmos Zoltán', 17, '+36 30 675 2749', 'halmos.zoltan99@email.hu'),
(100, 'Turai Mátyás', 19, '+36 30 683 2137', 'turai.matyas100@email.hu'),
(101, 'Csopaki Sándor', 10, '+36 30 429 5485', 'csopaki.sandor101@email.hu'),
(102, 'Balogh Tibor', 17, '+36 30 676 9304', 'balogh.tibor102@email.hu'),
(103, 'Csala Attila', 20, '+36 30 302 3520', 'csala.attila103@email.hu'),
(104, 'Fekete Andrea', 10, '+36 30 548 4387', 'fekete.andrea104@email.hu'),
(105, 'Vörös Roland', 17, '+36 30 579 7057', 'voros.roland105@email.hu'),
(106, 'Medgyessy Sándor', 10, '+36 30 714 4133', 'medgyessy.sandor106@email.hu'),
(107, 'Fekete József', 20, '+36 30 186 2430', 'fekete.jozsef107@email.hu'),
(108, 'Megyeri Zoltán', 18, '+36 30 436 4361', 'megyeri.zoltan108@email.hu'),
(109, 'Hertelendi Tibor', 10, '+36 30 955 2011', 'hertelendi.tibor109@email.hu'),
(110, 'Medgyessy János', 17, '+36 30 387 8927', 'medgyessy.janos110@email.hu'),
(111, 'Józsa János', 10, '+36 30 457 5602', 'jozsa.janos111@email.hu'),
(112, 'Lukács Bálint', 20, '+36 30 352 4210', 'lukacs.balint112@email.hu'),
(113, 'Turai Tibor', 18, '+36 30 497 7520', 'turai.tibor113@email.hu'),
(114, 'Megyeri Bálint', 18, '+36 30 749 1498', 'megyeri.balint114@email.hu'),
(115, 'Vállas Mátyás', 20, '+36 30 127 2889', 'vallas.matyas115@email.hu'),
(116, 'Kiss Lehel', 17, '+36 30 274 5144', 'kiss.lehel116@email.hu'),
(117, 'Kuti Attila', 10, '+36 30 307 1157', 'kuti.attila117@email.hu'),
(118, 'Antal Géza', 18, '+36 30 118 1299', 'antal.geza118@email.hu'),
(119, 'Agárdi Mátyás', 19, '+36 30 200 8859', 'agardi.matyas119@email.hu'),
(120, 'Medgyessy Lajos', 10, '+36 30 572 2045', 'medgyessy.lajos120@email.hu'),
(121, 'Császár Katalin', 19, '+36 30 103 5083', 'csaszar.katalin121@email.hu'),
(122, 'Békési Helga', 19, '+36 30 792 4498', 'bekesi.helga122@email.hu'),
(123, 'Kertész Attila', 20, '+36 30 788 5222', 'kertesz.attila123@email.hu'),
(124, 'Jánosi Dávid', 10, '+36 30 879 5111', 'janosi.david124@email.hu'),
(125, 'Balogh József', 19, '+36 30 153 8301', 'balogh.jozsef125@email.hu'),
(126, 'Kuhárszky Lajos', 17, '+36 30 441 7021', 'kuharszky.lajos126@email.hu'),
(127, 'Baranyai László', 10, '+36 30 153 3088', 'baranyai.laszlo127@email.hu'),
(128, 'Eszes Zoltán', 17, '+36 30 226 2536', 'eszes.zoltan128@email.hu'),
(129, 'Cseszneki Anikó', 17, '+36 30 427 7591', 'cseszneki.aniko129@email.hu'),
(130, 'Fekete Katalin', 20, '+36 30 568 3505', 'fekete.katalin130@email.hu'),
(131, 'Eszes Judit', 20, '+36 30 279 5632', 'eszes.judit131@email.hu'),
(132, 'Eszes Lehel', 18, '+36 30 584 6470', 'eszes.lehel132@email.hu'),
(133, 'Hegyi Dénes', 18, '+36 30 997 1762', 'hegyi.denes133@email.hu'),
(134, 'Megyeri Mariann', 18, '+36 30 240 7527', 'megyeri.mariann134@email.hu'),
(135, 'Solymos Sándor', 18, '+36 30 102 4126', 'solymos.sandor135@email.hu'),
(136, 'Jánosi Mátyás', 19, '+36 30 973 3572', 'janosi.matyas136@email.hu'),
(137, 'Jánosi Zoltán', 19, '+36 30 704 7924', 'janosi.zoltan137@email.hu'),
(138, 'Zsák Zoltán', 10, '+36 30 527 6143', 'zsak.zoltan138@email.hu'),
(139, 'Horkai Anikó', 18, '+36 30 590 9347', 'horkai.aniko139@email.hu'),
(140, 'Turai Attila', 18, '+36 30 236 2891', 'turai.attila140@email.hu'),
(141, 'Magyar Anikó', 19, '+36 30 846 5502', 'magyar.aniko141@email.hu'),
(142, 'Magyar Miklós', 19, '+36 30 842 2579', 'magyar.miklos142@email.hu'),
(143, 'Bihari Zsuzsanna', 10, '+36 30 276 9864', 'bihari.zsuzsanna143@email.hu'),
(144, 'Nagy Roland', 17, '+36 30 785 7677', 'nagy.roland144@email.hu'),
(145, 'Kuti Péter', 18, '+36 30 783 1535', 'kuti.peter145@email.hu'),
(146, 'Kuti Pál', 10, '+36 30 310 2908', 'kuti.pal146@email.hu'),
(147, 'Varga Zsuzsanna', 18, '+36 30 505 8402', 'varga.zsuzsanna147@email.hu'),
(148, 'Jánosi Attila', 17, '+36 30 633 5281', 'janosi.attila148@email.hu'),
(149, 'Solymos András', 20, '+36 30 841 4487', 'solymos.andras149@email.hu'),
(150, 'Cseszneki József', 18, '+36 30 110 6753', 'cseszneki.jozsef150@email.hu'),
(151, 'Molnár Zoltán', 19, '+36 30 628 8382', 'molnar.zoltan151@email.hu'),
(152, 'Kiss András', 17, '+36 30 461 3290', 'kiss.andras152@email.hu'),
(153, 'Halmos József', 20, '+36 30 793 5684', 'halmos.jozsef153@email.hu'),
(154, 'Hegyi József', 10, '+36 30 488 5332', 'hegyi.jozsef154@email.hu'),
(155, 'Gesztesi Miklós', 10, '+36 30 103 9501', 'gesztesi.miklos155@email.hu'),
(156, 'Kaló Dávid', 17, '+36 30 333 7159', 'kalo.david156@email.hu');

-- --------------------------------------------------------

--
-- Tábla szerkezet ehhez a táblához `kezeles`
--

CREATE TABLE `kezeles` (
  `id` int(11) NOT NULL,
  `kutyaId` int(11) DEFAULT NULL,
  `kezelestipusId` int(11) DEFAULT NULL,
  `kezdet` date DEFAULT NULL,
  `veg` date DEFAULT NULL,
  `dij` int(11) DEFAULT NULL
) ENGINE=InnoDB DEFAULT CHARSET=utf8mb4 COLLATE=utf8mb4_general_ci;

--
-- A tábla adatainak kiíratása `kezeles`
--

INSERT INTO `kezeles` (`id`, `kutyaId`, `kezelestipusId`, `kezdet`, `veg`, `dij`) VALUES
(1, 60, 1, '2017-01-01', '2017-01-02', 9000),
(2, 207, 1, '2017-01-03', '2017-01-05', 9000),
(3, 116, 5, '2017-01-04', '2017-01-05', 15000),
(4, 165, 8, '2017-01-05', '2017-01-08', 6000),
(5, 181, 8, '2017-01-06', '2017-01-09', 15000),
(6, 30, 9, '2017-01-06', '2017-01-07', 15000),
(7, 201, 8, '2017-01-06', '2017-01-09', 9000),
(8, 157, 8, '2017-01-07', '2017-01-10', 6000),
(9, 146, 4, '2017-01-07', '2017-01-09', 3000),
(10, 46, 6, '2017-01-09', '2017-01-10', 10000),
(11, 74, 2, '2017-01-09', '2017-01-11', 3000),
(12, 128, 1, '2017-01-10', '2017-01-13', 6000),
(13, 2, 9, '2017-01-10', '2017-01-12', 9000),
(14, 190, 6, '2017-01-10', '2017-01-11', 10000),
(15, 67, 1, '2017-01-11', '2017-01-12', 9000),
(16, 91, 5, '2017-01-13', '2017-01-14', 15000),
(17, 38, 9, '2017-01-14', '2017-01-16', 3000),
(18, 139, 5, '2017-01-16', '2017-01-18', 15000),
(19, 179, 7, '2017-01-19', '2017-01-22', 15000),
(20, 184, 5, '2017-01-19', '2017-01-22', 15000),
(21, 123, 1, '2017-01-22', '2017-01-25', 3000),
(22, 64, 3, '2017-01-22', '2017-01-24', 12000),
(23, 44, 2, '2017-01-23', '2017-01-24', 6000),
(24, 72, 9, '2017-01-23', '2017-01-26', 3000),
(25, 11, 6, '2017-01-23', '2017-01-24', 10000),
(26, 176, 10, '2017-01-24', '2017-01-25', 6000),
(27, 35, 8, '2017-01-24', '2017-01-25', 6000),
(28, 86, 4, '2017-01-25', '2017-01-27', 3000),
(29, 21, 2, '2017-01-25', '2017-01-28', 12000),
(30, 191, 2, '2017-01-27', '2017-01-29', 15000),
(31, 52, 1, '2017-01-27', '2017-01-29', 12000),
(32, 7, 4, '2017-01-27', '2017-01-29', 3000),
(33, 197, 2, '2017-01-28', '2017-01-29', 12000),
(34, 5, 6, '2017-01-28', '2017-01-29', 10000),
(35, 55, 8, '2017-01-30', '2017-02-01', 12000),
(36, 151, 1, '2017-01-30', '2017-02-01', 12000),
(37, 106, 2, '2017-01-30', '2017-01-31', 3000),
(38, 171, 3, '2017-01-30', '2017-02-02', 9000),
(39, 146, 7, '2017-01-31', '2017-02-03', 15000),
(40, 158, 8, '2017-02-01', '2017-02-03', 12000),
(41, 117, 10, '2017-02-02', '2017-02-05', 15000),
(42, 18, 8, '2017-02-02', '2017-02-04', 9000),
(43, 104, 4, '2017-02-04', '2017-02-07', 9000),
(44, 164, 7, '2017-02-04', '2017-02-05', 9000),
(45, 152, 3, '2017-02-04', '2017-02-07', 3000),
(46, 171, 10, '2017-02-04', '2017-02-06', 12000),
(47, 79, 4, '2017-02-06', '2017-02-07', 12000),
(48, 134, 2, '2017-02-06', '2017-02-09', 6000),
(49, 72, 2, '2017-02-07', '2017-02-09', 12000),
(50, 207, 4, '2017-02-09', '2017-02-12', 3000),
(51, 177, 4, '2017-02-09', '2017-02-12', 3000),
(52, 161, 9, '2017-02-10', '2017-02-11', 12000),
(53, 85, 1, '2017-02-10', '2017-02-13', 15000),
(54, 179, 3, '2017-02-12', '2017-02-14', 6000),
(55, 208, 8, '2017-02-12', '2017-02-14', 15000),
(56, 71, 1, '2017-02-14', '2017-02-17', 9000),
(57, 147, 5, '2017-02-15', '2017-02-18', 15000),
(58, 113, 1, '2017-02-18', '2017-02-20', 3000),
(59, 168, 2, '2017-02-18', '2017-02-19', 12000),
(60, 77, 9, '2017-02-20', '2017-02-22', 15000),
(61, 39, 3, '2017-02-21', '2017-02-22', 3000),
(62, 1, 10, '2017-02-24', '2017-02-27', 6000),
(63, 167, 3, '2017-02-25', '2017-02-27', 9000),
(64, 209, 6, '2017-02-26', '2017-02-28', 10000),
(65, 110, 4, '2017-02-27', '2017-02-28', 9000),
(66, 133, 8, '2017-02-28', '2017-03-01', 12000),
(67, 64, 9, '2017-02-28', '2017-03-02', 12000),
(68, 14, 6, '2017-02-28', '2017-03-01', 10000),
(69, 183, 2, '2017-03-01', '2017-03-04', 9000),
(70, 5, 3, '2017-03-01', '2017-03-04', 6000),
(71, 102, 3, '2017-03-01', '2017-03-03', 15000),
(72, 169, 9, '2017-03-01', '2017-03-02', 3000),
(73, 168, 8, '2017-03-02', '2017-03-03', 3000),
(74, 201, 3, '2017-03-02', '2017-03-03', 15000),
(75, 209, 4, '2017-03-03', '2017-03-05', 12000),
(76, 172, 10, '2017-03-04', '2017-03-05', 15000),
(77, 67, 2, '2017-03-04', '2017-03-05', 6000),
(78, 105, 9, '2017-03-04', '2017-03-07', 6000),
(79, 146, 9, '2017-03-04', '2017-03-06', 15000),
(80, 23, 4, '2017-03-06', '2017-03-08', 12000),
(81, 91, 2, '2017-03-07', '2017-03-09', 12000),
(82, 29, 5, '2017-03-07', '2017-03-08', 15000),
(83, 195, 10, '2017-03-07', '2017-03-08', 15000),
(84, 193, 8, '2017-03-08', '2017-03-09', 6000),
(85, 33, 2, '2017-03-08', '2017-03-11', 15000),
(86, 123, 6, '2017-03-08', '2017-03-11', 10000),
(87, 176, 8, '2017-03-08', '2017-03-11', 9000),
(88, 75, 2, '2017-03-08', '2017-03-11', 6000),
(89, 144, 7, '2017-03-10', '2017-03-11', 3000),
(90, 55, 10, '2017-03-11', '2017-03-13', 3000),
(91, 11, 7, '2017-03-12', '2017-03-13', 12000),
(92, 6, 6, '2017-03-13', '2017-03-15', 10000),
(93, 137, 10, '2017-03-13', '2017-03-15', 15000),
(94, 195, 6, '2017-03-14', '2017-03-16', 10000),
(95, 82, 2, '2017-03-16', '2017-03-17', 9000),
(96, 76, 5, '2017-03-19', '2017-03-20', 15000),
(97, 43, 2, '2017-03-19', '2017-03-21', 15000),
(98, 103, 10, '2017-03-19', '2017-03-20', 15000),
(99, 59, 1, '2017-03-19', '2017-03-20', 3000),
(100, 75, 2, '2017-03-19', '2017-03-21', 12000),
(101, 208, 10, '2017-03-21', '2017-03-23', 3000),
(102, 18, 6, '2017-03-22', '2017-03-23', 10000),
(103, 167, 2, '2017-03-22', '2017-03-25', 12000),
(104, 198, 5, '2017-03-23', '2017-03-24', 15000),
(105, 30, 8, '2017-03-25', '2017-03-27', 12000),
(106, 158, 2, '2017-03-28', '2017-03-30', 6000),
(107, 19, 5, '2017-03-29', '2017-03-30', 15000),
(108, 144, 8, '2017-03-30', '2017-03-31', 6000),
(109, 90, 10, '2017-03-30', '2017-04-02', 12000),
(110, 192, 1, '2017-03-31', '2017-04-03', 15000),
(111, 171, 5, '2017-04-01', '2017-04-04', 15000),
(112, 37, 4, '2017-04-04', '2017-04-07', 6000),
(113, 122, 1, '2017-04-04', '2017-04-06', 12000),
(114, 95, 3, '2017-04-04', '2017-04-05', 12000),
(115, 98, 8, '2017-04-04', '2017-04-05', 12000),
(116, 118, 10, '2017-04-05', '2017-04-08', 6000),
(117, 19, 7, '2017-04-06', '2017-04-07', 12000),
(118, 45, 5, '2017-04-06', '2017-04-08', 15000),
(119, 157, 3, '2017-04-07', '2017-04-10', 3000),
(120, 35, 2, '2017-04-07', '2017-04-08', 9000),
(121, 207, 2, '2017-04-07', '2017-04-08', 6000),
(122, 107, 2, '2017-04-07', '2017-04-08', 6000),
(123, 92, 5, '2017-04-07', '2017-04-09', 15000),
(124, 115, 1, '2017-04-09', '2017-04-10', 15000),
(125, 20, 3, '2017-04-10', '2017-04-11', 6000),
(126, 99, 10, '2017-04-11', '2017-04-13', 12000),
(127, 23, 6, '2017-04-11', '2017-04-13', 10000),
(128, 159, 3, '2017-04-11', '2017-04-12', 3000),
(129, 43, 3, '2017-04-11', '2017-04-14', 3000),
(130, 71, 5, '2017-04-13', '2017-04-14', 15000),
(131, 107, 1, '2017-04-14', '2017-04-16', 9000),
(132, 177, 6, '2017-04-14', '2017-04-17', 10000),
(133, 205, 6, '2017-04-15', '2017-04-17', 10000),
(134, 7, 8, '2017-04-15', '2017-04-18', 3000),
(135, 194, 1, '2017-04-15', '2017-04-18', 6000),
(136, 102, 3, '2017-04-15', '2017-04-18', 6000),
(137, 46, 5, '2017-04-16', '2017-04-17', 15000),
(138, 17, 6, '2017-04-16', '2017-04-17', 10000),
(139, 5, 8, '2017-04-17', '2017-04-20', 6000),
(140, 97, 6, '2017-04-17', '2017-04-20', 10000),
(141, 57, 1, '2017-04-19', '2017-04-20', 12000),
(142, 91, 8, '2017-04-19', '2017-04-21', 3000),
(143, 10, 9, '2017-04-19', '2017-04-22', 6000),
(144, 34, 8, '2017-04-20', '2017-04-23', 12000),
(145, 43, 6, '2017-04-20', '2017-04-21', 10000),
(146, 128, 5, '2017-04-21', '2017-04-24', 15000),
(147, 191, 5, '2017-04-21', '2017-04-22', 15000),
(148, 176, 6, '2017-04-22', '2017-04-25', 10000),
(149, 49, 6, '2017-04-25', '2017-04-28', 10000),
(150, 83, 3, '2017-04-26', '2017-04-28', 9000),
(151, 157, 7, '2017-04-27', '2017-04-29', 3000),
(152, 179, 7, '2017-04-29', '2017-05-02', 12000),
(153, 158, 7, '2017-04-29', '2017-04-30', 6000),
(154, 210, 7, '2017-04-29', '2017-05-01', 6000),
(155, 120, 6, '2017-04-29', '2017-05-02', 10000),
(156, 157, 9, '2017-04-30', '2017-05-02', 12000),
(157, 63, 6, '2017-04-30', '2017-05-02', 10000),
(158, 160, 3, '2017-04-30', '2017-05-01', 15000),
(159, 139, 5, '2017-05-01', '2017-05-03', 15000),
(160, 169, 3, '2017-05-02', '2017-05-04', 9000),
(161, 183, 7, '2017-05-03', '2017-05-04', 9000),
(162, 81, 3, '2017-05-03', '2017-05-06', 6000),
(163, 72, 10, '2017-05-04', '2017-05-07', 3000),
(164, 53, 2, '2017-05-05', '2017-05-06', 6000),
(165, 147, 1, '2017-05-06', '2017-05-09', 9000),
(166, 29, 7, '2017-05-07', '2017-05-08', 15000),
(167, 113, 4, '2017-05-09', '2017-05-11', 15000),
(168, 70, 10, '2017-05-09', '2017-05-12', 15000),
(169, 17, 10, '2017-05-10', '2017-05-13', 9000),
(170, 171, 8, '2017-05-10', '2017-05-13', 6000),
(171, 66, 2, '2017-05-13', '2017-05-14', 3000),
(172, 49, 10, '2017-05-13', '2017-05-15', 12000),
(173, 18, 3, '2017-05-14', '2017-05-16', 15000),
(174, 106, 5, '2017-05-14', '2017-05-15', 15000),
(175, 95, 10, '2017-05-14', '2017-05-17', 15000),
(176, 15, 9, '2017-05-15', '2017-05-17', 12000),
(177, 43, 1, '2017-05-16', '2017-05-17', 12000),
(178, 51, 7, '2017-05-17', '2017-05-18', 6000),
(179, 211, 1, '2017-05-17', '2017-05-19', 12000),
(180, 77, 1, '2017-05-19', '2017-05-20', 3000),
(181, 53, 6, '2017-05-20', '2017-05-22', 10000),
(182, 156, 6, '2017-05-22', '2017-05-25', 10000),
(183, 61, 6, '2017-05-22', '2017-05-23', 10000),
(184, 186, 1, '2017-05-25', '2017-05-28', 9000),
(185, 57, 6, '2017-05-25', '2017-05-27', 10000),
(186, 99, 8, '2017-05-27', '2017-05-28', 15000),
(187, 101, 5, '2017-05-28', '2017-05-31', 15000),
(188, 187, 2, '2017-05-28', '2017-05-31', 3000),
(189, 169, 8, '2017-05-29', '2017-05-30', 12000),
(190, 174, 2, '2017-05-29', '2017-06-01', 12000),
(191, 62, 4, '2017-05-30', '2017-05-31', 12000),
(192, 95, 2, '2017-05-31', '2017-06-01', 12000),
(193, 12, 7, '2017-06-06', '2017-06-09', 15000),
(194, 1, 4, '2017-06-07', '2017-06-10', 9000),
(195, 168, 5, '2017-06-10', '2017-06-11', 15000),
(196, 35, 1, '2017-06-10', '2017-06-11', 9000),
(197, 13, 7, '2017-06-10', '2017-06-11', 9000),
(198, 93, 10, '2017-06-11', '2017-06-13', 9000),
(199, 47, 5, '2017-06-11', '2017-06-14', 15000),
(200, 71, 10, '2017-06-12', '2017-06-13', 12000),
(201, 186, 1, '2017-06-12', '2017-06-13', 9000),
(202, 92, 9, '2017-06-12', '2017-06-14', 9000),
(203, 5, 7, '2017-06-13', '2017-06-16', 6000),
(204, 176, 6, '2017-06-14', '2017-06-16', 10000),
(205, 69, 7, '2017-06-15', '2017-06-18', 6000),
(206, 200, 4, '2017-06-15', '2017-06-17', 3000),
(207, 80, 9, '2017-06-15', '2017-06-18', 3000),
(208, 187, 9, '2017-06-15', '2017-06-17', 3000),
(209, 81, 8, '2017-06-17', '2017-06-19', 6000),
(210, 100, 2, '2017-06-17', '2017-06-19', 6000),
(211, 72, 6, '2017-06-18', '2017-06-20', 10000),
(212, 132, 10, '2017-06-19', '2017-06-21', 3000),
(213, 118, 1, '2017-06-19', '2017-06-22', 12000),
(214, 181, 10, '2017-06-20', '2017-06-21', 3000),
(215, 78, 2, '2017-06-21', '2017-06-22', 12000),
(216, 32, 5, '2017-06-21', '2017-06-22', 15000),
(217, 180, 5, '2017-06-24', '2017-06-26', 15000),
(218, 106, 3, '2017-06-24', '2017-06-27', 3000),
(219, 134, 9, '2017-06-24', '2017-06-25', 6000),
(220, 120, 6, '2017-06-25', '2017-06-26', 10000),
(221, 81, 4, '2017-06-25', '2017-06-27', 15000),
(222, 80, 6, '2017-06-25', '2017-06-28', 10000),
(223, 153, 9, '2017-06-26', '2017-06-28', 9000),
(224, 161, 7, '2017-06-28', '2017-07-01', 9000),
(225, 65, 8, '2017-06-29', '2017-07-02', 12000),
(226, 38, 2, '2017-07-01', '2017-07-03', 3000),
(227, 179, 7, '2017-07-01', '2017-07-02', 3000),
(228, 141, 1, '2017-07-02', '2017-07-03', 12000),
(229, 153, 9, '2017-07-03', '2017-07-04', 9000),
(230, 23, 5, '2017-07-03', '2017-07-06', 15000),
(231, 191, 3, '2017-07-04', '2017-07-05', 9000),
(232, 167, 6, '2017-07-04', '2017-07-07', 10000),
(233, 85, 6, '2017-07-05', '2017-07-08', 10000),
(234, 9, 6, '2017-07-06', '2017-07-08', 10000),
(235, 211, 9, '2017-07-06', '2017-07-08', 6000),
(236, 180, 6, '2017-07-06', '2017-07-08', 10000),
(237, 175, 1, '2017-07-07', '2017-07-09', 6000),
(238, 34, 6, '2017-07-07', '2017-07-10', 10000),
(239, 84, 1, '2017-07-08', '2017-07-10', 6000),
(240, 177, 5, '2017-07-09', '2017-07-11', 15000),
(241, 195, 6, '2017-07-09', '2017-07-11', 10000),
(242, 49, 3, '2017-07-11', '2017-07-12', 9000),
(243, 21, 4, '2017-07-11', '2017-07-13', 9000),
(244, 188, 7, '2017-07-12', '2017-07-14', 3000),
(245, 155, 10, '2017-07-12', '2017-07-15', 3000),
(246, 205, 1, '2017-07-12', '2017-07-13', 9000),
(247, 14, 1, '2017-07-12', '2017-07-13', 6000),
(248, 112, 10, '2017-07-12', '2017-07-14', 9000),
(249, 205, 9, '2017-07-12', '2017-07-15', 9000),
(250, 53, 10, '2017-07-13', '2017-07-16', 12000),
(251, 165, 4, '2017-07-14', '2017-07-15', 15000),
(252, 22, 4, '2017-07-14', '2017-07-15', 15000),
(253, 104, 3, '2017-07-14', '2017-07-17', 3000),
(254, 96, 3, '2017-07-15', '2017-07-17', 9000),
(255, 141, 8, '2017-07-15', '2017-07-17', 15000),
(256, 85, 6, '2017-07-16', '2017-07-18', 10000),
(257, 122, 4, '2017-07-16', '2017-07-18', 6000),
(258, 201, 1, '2017-07-17', '2017-07-18', 12000),
(259, 55, 9, '2017-07-17', '2017-07-20', 12000),
(260, 27, 3, '2017-07-17', '2017-07-19', 3000),
(261, 87, 6, '2017-07-17', '2017-07-20', 10000),
(262, 128, 5, '2017-07-18', '2017-07-19', 15000),
(263, 142, 10, '2017-07-21', '2017-07-22', 3000),
(264, 166, 1, '2017-07-22', '2017-07-24', 15000),
(265, 16, 10, '2017-07-22', '2017-07-23', 9000),
(266, 195, 1, '2017-07-24', '2017-07-26', 3000),
(267, 49, 5, '2017-07-24', '2017-07-26', 15000),
(268, 163, 4, '2017-07-26', '2017-07-29', 9000),
(269, 198, 6, '2017-07-27', '2017-07-29', 10000),
(270, 29, 5, '2017-07-28', '2017-07-30', 15000),
(271, 45, 4, '2017-07-28', '2017-07-30', 15000),
(272, 163, 2, '2017-07-29', '2017-08-01', 6000),
(273, 11, 4, '2017-07-29', '2017-08-01', 6000),
(274, 132, 1, '2017-07-29', '2017-07-31', 3000),
(275, 36, 4, '2017-07-30', '2017-08-02', 15000),
(276, 99, 1, '2017-07-31', '2017-08-03', 9000),
(277, 149, 9, '2017-08-01', '2017-08-02', 15000),
(278, 49, 3, '2017-08-01', '2017-08-03', 12000),
(279, 77, 1, '2017-08-01', '2017-08-03', 6000),
(280, 168, 9, '2017-08-01', '2017-08-04', 6000),
(281, 37, 1, '2017-08-02', '2017-08-05', 15000),
(282, 16, 10, '2017-08-02', '2017-08-03', 12000),
(283, 210, 5, '2017-08-02', '2017-08-04', 15000),
(284, 25, 6, '2017-08-04', '2017-08-05', 10000),
(285, 159, 2, '2017-08-04', '2017-08-05', 6000),
(286, 48, 8, '2017-08-05', '2017-08-06', 15000),
(287, 186, 1, '2017-08-05', '2017-08-06', 12000),
(288, 82, 3, '2017-08-05', '2017-08-07', 3000),
(289, 158, 2, '2017-08-05', '2017-08-07', 3000),
(290, 89, 4, '2017-08-06', '2017-08-08', 15000),
(291, 5, 10, '2017-08-08', '2017-08-10', 9000),
(292, 194, 9, '2017-08-09', '2017-08-11', 3000),
(293, 69, 3, '2017-08-09', '2017-08-12', 6000),
(294, 71, 1, '2017-08-10', '2017-08-12', 6000),
(295, 6, 3, '2017-08-10', '2017-08-11', 6000),
(296, 23, 2, '2017-08-11', '2017-08-13', 12000),
(297, 158, 6, '2017-08-11', '2017-08-14', 10000),
(298, 205, 1, '2017-08-12', '2017-08-15', 3000),
(299, 42, 6, '2017-08-12', '2017-08-14', 10000),
(300, 145, 4, '2017-08-13', '2017-08-14', 12000),
(301, 93, 2, '2017-08-13', '2017-08-16', 9000),
(302, 40, 6, '2017-08-15', '2017-08-16', 10000),
(303, 189, 7, '2017-08-17', '2017-08-20', 12000),
(304, 59, 1, '2017-08-19', '2017-08-20', 15000),
(305, 7, 5, '2017-08-19', '2017-08-21', 15000),
(306, 49, 2, '2017-08-22', '2017-08-25', 12000),
(307, 9, 5, '2017-08-23', '2017-08-26', 15000),
(308, 53, 9, '2017-08-25', '2017-08-28', 15000),
(309, 96, 2, '2017-08-25', '2017-08-26', 3000),
(310, 4, 6, '2017-08-26', '2017-08-27', 10000),
(311, 136, 8, '2017-08-26', '2017-08-29', 12000),
(312, 117, 1, '2017-08-27', '2017-08-29', 15000),
(313, 188, 9, '2017-08-28', '2017-08-29', 12000),
(314, 14, 10, '2017-08-28', '2017-08-29', 6000),
(315, 159, 6, '2017-08-28', '2017-08-31', 10000),
(316, 190, 4, '2017-08-29', '2017-08-30', 6000),
(317, 80, 3, '2017-08-30', '2017-08-31', 12000),
(318, 168, 6, '2017-08-31', '2017-09-03', 10000),
(319, 29, 6, '2017-09-01', '2017-09-03', 10000),
(320, 48, 4, '2017-09-01', '2017-09-02', 9000),
(321, 18, 5, '2017-09-01', '2017-09-02', 15000),
(322, 93, 9, '2017-09-01', '2017-09-03', 12000),
(323, 120, 10, '2017-09-02', '2017-09-05', 15000),
(324, 77, 6, '2017-09-02', '2017-09-04', 10000),
(325, 205, 6, '2017-09-02', '2017-09-03', 10000),
(326, 146, 8, '2017-09-03', '2017-09-06', 15000),
(327, 42, 2, '2017-09-04', '2017-09-07', 15000),
(328, 99, 1, '2017-09-05', '2017-09-07', 9000),
(329, 120, 4, '2017-09-05', '2017-09-08', 15000),
(330, 34, 5, '2017-09-05', '2017-09-06', 15000),
(331, 62, 7, '2017-09-07', '2017-09-09', 12000),
(332, 110, 5, '2017-09-08', '2017-09-10', 15000),
(333, 44, 8, '2017-09-08', '2017-09-11', 15000),
(334, 33, 9, '2017-09-08', '2017-09-09', 6000),
(335, 139, 3, '2017-09-10', '2017-09-12', 9000),
(336, 7, 6, '2017-09-10', '2017-09-12', 10000),
(337, 191, 4, '2017-09-10', '2017-09-12', 15000),
(338, 37, 3, '2017-09-11', '2017-09-12', 6000),
(339, 164, 3, '2017-09-13', '2017-09-15', 3000),
(340, 60, 7, '2017-09-14', '2017-09-15', 6000),
(341, 194, 2, '2017-09-14', '2017-09-15', 3000),
(342, 124, 10, '2017-09-16', '2017-09-19', 12000),
(343, 61, 9, '2017-09-16', '2017-09-17', 9000),
(344, 48, 2, '2017-09-16', '2017-09-19', 6000),
(345, 179, 5, '2017-09-19', '2017-09-22', 15000),
(346, 123, 1, '2017-09-20', '2017-09-23', 3000),
(347, 98, 6, '2017-09-21', '2017-09-24', 10000),
(348, 54, 2, '2017-09-21', '2017-09-22', 6000),
(349, 34, 8, '2017-09-21', '2017-09-24', 12000),
(350, 138, 8, '2017-09-22', '2017-09-23', 6000),
(351, 205, 6, '2017-09-22', '2017-09-24', 10000),
(352, 58, 8, '2017-09-23', '2017-09-25', 6000),
(353, 200, 4, '2017-09-23', '2017-09-25', 12000),
(354, 31, 4, '2017-09-25', '2017-09-26', 3000),
(355, 167, 2, '2017-09-27', '2017-09-30', 15000),
(356, 86, 5, '2017-09-29', '2017-10-02', 15000),
(357, 33, 10, '2017-09-29', '2017-10-01', 15000),
(358, 59, 6, '2017-09-30', '2017-10-03', 10000),
(359, 72, 5, '2017-10-01', '2017-10-04', 15000),
(360, 34, 3, '2017-10-01', '2017-10-04', 15000),
(361, 23, 2, '2017-10-02', '2017-10-05', 6000),
(362, 106, 2, '2017-10-02', '2017-10-03', 12000),
(363, 194, 7, '2017-10-02', '2017-10-03', 9000),
(364, 71, 2, '2017-10-02', '2017-10-04', 6000),
(365, 87, 4, '2017-10-03', '2017-10-06', 15000),
(366, 145, 3, '2017-10-05', '2017-10-08', 15000),
(367, 2, 1, '2017-10-05', '2017-10-08', 3000),
(368, 55, 10, '2017-10-07', '2017-10-09', 12000),
(369, 93, 8, '2017-10-08', '2017-10-10', 9000),
(370, 32, 9, '2017-10-09', '2017-10-11', 6000),
(371, 40, 6, '2017-10-10', '2017-10-13', 10000),
(372, 156, 1, '2017-10-10', '2017-10-13', 12000),
(373, 188, 3, '2017-10-11', '2017-10-14', 15000),
(374, 53, 5, '2017-10-12', '2017-10-14', 15000),
(375, 102, 9, '2017-10-12', '2017-10-15', 12000),
(376, 200, 5, '2017-10-12', '2017-10-15', 15000),
(377, 185, 7, '2017-10-14', '2017-10-16', 15000),
(378, 83, 3, '2017-10-15', '2017-10-17', 12000),
(379, 207, 2, '2017-10-15', '2017-10-16', 12000),
(380, 87, 4, '2017-10-16', '2017-10-19', 12000),
(381, 53, 7, '2017-10-16', '2017-10-17', 12000),
(382, 57, 7, '2017-10-18', '2017-10-21', 3000),
(383, 194, 7, '2017-10-19', '2017-10-20', 6000),
(384, 10, 2, '2017-10-19', '2017-10-20', 12000),
(385, 63, 1, '2017-10-19', '2017-10-21', 15000),
(386, 23, 8, '2017-10-20', '2017-10-21', 6000),
(387, 44, 3, '2017-10-20', '2017-10-22', 6000),
(388, 53, 3, '2017-10-21', '2017-10-24', 6000),
(389, 149, 4, '2017-10-21', '2017-10-24', 15000),
(390, 46, 9, '2017-10-21', '2017-10-22', 6000),
(391, 159, 3, '2017-10-22', '2017-10-23', 9000),
(392, 1, 8, '2017-10-25', '2017-10-26', 15000),
(393, 158, 7, '2017-10-25', '2017-10-28', 15000),
(394, 128, 6, '2017-10-25', '2017-10-27', 10000),
(395, 130, 9, '2017-10-27', '2017-10-28', 9000),
(396, 134, 8, '2017-10-28', '2017-10-30', 12000),
(397, 94, 2, '2017-10-29', '2017-11-01', 6000),
(398, 67, 9, '2017-10-30', '2017-11-02', 12000),
(399, 98, 7, '2017-10-30', '2017-11-01', 6000),
(400, 13, 2, '2017-10-30', '2017-11-01', 6000),
(401, 10, 9, '2017-10-31', '2017-11-02', 9000),
(402, 154, 7, '2017-11-03', '2017-11-04', 15000),
(403, 188, 7, '2017-11-03', '2017-11-05', 12000),
(404, 35, 2, '2017-11-03', '2017-11-05', 12000),
(405, 163, 8, '2017-11-04', '2017-11-05', 6000),
(406, 203, 8, '2017-11-05', '2017-11-06', 6000),
(407, 69, 2, '2017-11-05', '2017-11-06', 3000),
(408, 100, 10, '2017-11-06', '2017-11-07', 12000),
(409, 195, 1, '2017-11-06', '2017-11-07', 12000),
(410, 71, 9, '2017-11-06', '2017-11-09', 15000),
(411, 101, 7, '2017-11-07', '2017-11-08', 12000),
(412, 162, 7, '2017-11-07', '2017-11-08', 9000),
(413, 133, 7, '2017-11-08', '2017-11-11', 6000),
(414, 79, 1, '2017-11-09', '2017-11-11', 15000),
(415, 177, 3, '2017-11-09', '2017-11-11', 12000),
(416, 138, 8, '2017-11-10', '2017-11-13', 12000),
(417, 190, 8, '2017-11-12', '2017-11-13', 15000),
(418, 177, 9, '2017-11-12', '2017-11-13', 6000),
(419, 137, 7, '2017-11-12', '2017-11-15', 9000),
(420, 47, 9, '2017-11-13', '2017-11-15', 9000),
(421, 37, 8, '2017-11-13', '2017-11-16', 9000),
(422, 99, 2, '2017-11-14', '2017-11-15', 12000),
(423, 62, 6, '2017-11-15', '2017-11-18', 10000),
(424, 49, 3, '2017-11-15', '2017-11-16', 12000),
(425, 127, 3, '2017-11-17', '2017-11-19', 12000),
(426, 194, 6, '2017-11-17', '2017-11-18', 10000),
(427, 185, 4, '2017-11-18', '2017-11-19', 3000),
(428, 57, 4, '2017-11-18', '2017-11-19', 3000),
(429, 51, 6, '2017-11-18', '2017-11-20', 10000),
(430, 39, 9, '2017-11-19', '2017-11-22', 9000),
(431, 125, 1, '2017-11-20', '2017-11-21', 6000),
(432, 183, 5, '2017-11-22', '2017-11-24', 15000),
(433, 24, 2, '2017-11-22', '2017-11-25', 3000),
(434, 3, 5, '2017-11-23', '2017-11-25', 15000),
(435, 150, 9, '2017-11-23', '2017-11-26', 3000),
(436, 197, 8, '2017-11-26', '2017-11-29', 9000),
(437, 85, 9, '2017-11-29', '2017-12-02', 3000),
(438, 210, 8, '2017-11-29', '2017-12-01', 15000),
(439, 126, 4, '2017-11-30', '2017-12-02', 9000),
(440, 207, 6, '2017-12-04', '2017-12-06', 10000),
(441, 89, 10, '2017-12-05', '2017-12-08', 12000),
(442, 64, 3, '2017-12-05', '2017-12-07', 3000),
(443, 177, 8, '2017-12-05', '2017-12-08', 6000),
(444, 52, 5, '2017-12-06', '2017-12-09', 15000),
(445, 180, 1, '2017-12-06', '2017-12-08', 3000),
(446, 190, 7, '2017-12-06', '2017-12-09', 3000),
(447, 179, 3, '2017-12-06', '2017-12-08', 15000),
(448, 171, 10, '2017-12-10', '2017-12-11', 15000),
(449, 83, 4, '2017-12-10', '2017-12-11', 12000),
(450, 92, 3, '2017-12-12', '2017-12-14', 9000),
(451, 37, 10, '2017-12-13', '2017-12-15', 9000),
(452, 26, 7, '2017-12-14', '2017-12-17', 6000),
(453, 147, 6, '2017-12-15', '2017-12-17', 10000),
(454, 127, 10, '2017-12-15', '2017-12-17', 12000),
(455, 9, 2, '2017-12-16', '2017-12-18', 3000),
(456, 73, 3, '2017-12-17', '2017-12-18', 6000),
(457, 56, 3, '2017-12-17', '2017-12-18', 15000),
(458, 108, 5, '2017-12-18', '2017-12-19', 15000),
(459, 148, 7, '2017-12-19', '2017-12-21', 9000),
(460, 25, 2, '2017-12-20', '2017-12-22', 12000),
(461, 98, 9, '2017-12-21', '2017-12-24', 9000),
(462, 165, 5, '2017-12-21', '2017-12-23', 15000),
(463, 107, 9, '2017-12-21', '2017-12-23', 15000),
(464, 5, 1, '2017-12-23', '2017-12-26', 6000),
(465, 106, 4, '2017-12-23', '2017-12-24', 9000),
(466, 144, 6, '2017-12-24', '2017-12-26', 10000),
(467, 123, 10, '2017-12-26', '2017-12-27', 6000),
(468, 145, 3, '2017-12-26', '2017-12-29', 9000),
(469, 195, 6, '2017-12-27', '2017-12-29', 10000),
(470, 13, 1, '2017-12-28', '2017-12-31', 9000),
(471, 131, 8, '2017-12-29', '2011-01-01', 12000),
(472, 82, 6, '2017-12-30', '2011-01-01', 10000),
(473, 146, 8, '2017-12-31', '2011-01-03', 3000);

-- --------------------------------------------------------

--
-- Tábla szerkezet ehhez a táblához `kezelestipus`
--

CREATE TABLE `kezelestipus` (
  `id` int(11) NOT NULL,
  `jelleg` varchar(50) DEFAULT NULL
) ENGINE=InnoDB DEFAULT CHARSET=utf8mb4 COLLATE=utf8mb4_general_ci;

--
-- A tábla adatainak kiíratása `kezelestipus`
--

INSERT INTO `kezelestipus` (`id`, `jelleg`) VALUES
(1, 'allergia kezelés'),
(2, 'sebészeti ellátás'),
(3, 'fogászati kezelés'),
(4, 'védőoltás'),
(5, 'mikrochip beültetés'),
(6, 'állatútlevél kiállítás'),
(7, 'tanácsadás'),
(8, 'belgyógyászati ellátás'),
(9, 'laborvizsgálat'),
(10, 'bőrgyógyászati ellátás');

-- --------------------------------------------------------

--
-- Tábla szerkezet ehhez a táblához `kutya`
--

CREATE TABLE `kutya` (
  `id` int(11) NOT NULL,
  `fajtaId` int(11) DEFAULT NULL,
  `nem` tinyint(4) DEFAULT NULL,
  `korEv` int(11) DEFAULT NULL,
  `korHonap` int(11) DEFAULT NULL,
  `gazdaId` int(11) DEFAULT NULL
) ENGINE=InnoDB DEFAULT CHARSET=utf8mb4 COLLATE=utf8mb4_general_ci;

--
-- A tábla adatainak kiíratása `kutya`
--

INSERT INTO `kutya` (`id`, `fajtaId`, `nem`, `korEv`, `korHonap`, `gazdaId`) VALUES
(1, 19, 1, 14, 0, 89),
(2, 2, 0, 13, 0, 150),
(3, 7, 1, 11, 0, 60),
(4, 1, 0, 3, 3, 36),
(5, 13, 1, 3, 6, 11),
(6, 9, 1, 1, 9, 122),
(7, 9, 1, 8, 0, 65),
(8, 7, 1, 2, 6, 22),
(9, 16, 1, 0, 1, 64),
(10, 15, 1, 14, 0, 88),
(11, 10, 0, 7, 0, 11),
(12, 16, 0, 3, 9, 3),
(13, 18, 1, 6, 0, 68),
(14, 3, 1, 3, 9, 82),
(15, 10, 0, 13, 0, 66),
(16, 17, 1, 3, 9, 122),
(17, 10, 1, 6, 0, 9),
(18, 11, 0, 4, 0, 35),
(19, 2, 0, 14, 0, 59),
(20, 5, 1, 12, 0, 153),
(21, 2, 0, 9, 0, 113),
(22, 16, 1, 6, 0, 139),
(23, 17, 1, 14, 0, 34),
(24, 4, 1, 2, 6, 129),
(25, 8, 0, 5, 0, 39),
(26, 2, 0, 2, 9, 80),
(27, 18, 1, 10, 0, 40),
(28, 7, 1, 9, 0, 86),
(29, 19, 1, 14, 0, 26),
(30, 3, 0, 6, 0, 114),
(31, 7, 1, 0, 9, 73),
(32, 9, 1, 6, 0, 146),
(33, 12, 0, 0, 0, 38),
(34, 11, 0, 12, 0, 38),
(35, 9, 0, 8, 0, 116),
(36, 16, 1, 4, 0, 8),
(37, 2, 1, 5, 0, 1),
(38, 19, 1, 8, 0, 110),
(39, 15, 0, 6, 0, 19),
(40, 15, 0, 10, 0, 97),
(41, 6, 0, 0, 0, 56),
(42, 15, 1, 1, 3, 139),
(43, 2, 1, 5, 0, 19),
(44, 4, 0, 12, 0, 104),
(45, 16, 0, 12, 0, 80),
(46, 1, 0, 0, 0, 66),
(47, 11, 0, 6, 0, 18),
(48, 16, 0, 12, 0, 131),
(49, 13, 0, 9, 0, 90),
(50, 16, 1, 1, 3, 108),
(51, 14, 1, 5, 0, 137),
(52, 9, 0, 12, 0, 62),
(53, 17, 1, 7, 0, 94),
(54, 12, 0, 13, 0, 79),
(55, 13, 1, 2, 6, 46),
(56, 4, 1, 0, 1, 48),
(57, 9, 1, 12, 0, 130),
(58, 19, 0, 11, 0, 30),
(59, 17, 1, 8, 0, 48),
(60, 2, 1, 8, 0, 76),
(61, 1, 1, 7, 0, 130),
(62, 13, 0, 14, 0, 37),
(63, 11, 1, 1, 3, 116),
(64, 8, 1, 2, 6, 29),
(65, 1, 1, 5, 0, 67),
(66, 10, 0, 5, 0, 38),
(67, 19, 0, 6, 0, 105),
(68, 18, 1, 12, 0, 13),
(69, 9, 1, 13, 0, 149),
(70, 4, 0, 11, 0, 143),
(71, 1, 1, 10, 0, 145),
(72, 2, 1, 1, 6, 7),
(73, 14, 1, 3, 6, 142),
(74, 11, 1, 7, 0, 131),
(75, 17, 0, 2, 3, 85),
(76, 14, 0, 2, 6, 107),
(77, 14, 0, 10, 0, 19),
(78, 12, 0, 2, 3, 66),
(79, 5, 1, 7, 0, 111),
(80, 14, 1, 6, 0, 39),
(81, 2, 0, 7, 0, 96),
(82, 9, 1, 2, 9, 93),
(83, 14, 1, 5, 0, 73),
(84, 10, 1, 1, 3, 19),
(85, 12, 1, 13, 0, 84),
(86, 17, 1, 9, 0, 101),
(87, 19, 0, 13, 0, 26),
(88, 3, 1, 10, 0, 134),
(89, 15, 1, 10, 0, 121),
(90, 13, 0, 9, 0, 82),
(91, 17, 0, 8, 0, 92),
(92, 8, 0, 14, 0, 28),
(93, 17, 1, 3, 3, 21),
(94, 3, 1, 13, 0, 119),
(95, 10, 0, 8, 0, 47),
(96, 3, 1, 12, 0, 111),
(97, 1, 0, 13, 0, 82),
(98, 10, 1, 1, 6, 7),
(99, 6, 0, 11, 0, 22),
(100, 9, 1, 8, 0, 97),
(101, 4, 1, 14, 0, 93),
(102, 14, 0, 13, 0, 76),
(103, 1, 0, 14, 0, 128),
(104, 4, 0, 10, 0, 95),
(105, 6, 0, 14, 0, 50),
(106, 8, 0, 9, 0, 111),
(107, 14, 1, 11, 0, 4),
(108, 8, 0, 0, 11, 77),
(109, 16, 1, 3, 6, 31),
(110, 11, 1, 2, 6, 102),
(111, 9, 1, 8, 0, 92),
(112, 6, 1, 7, 0, 155),
(113, 9, 0, 7, 0, 112),
(114, 18, 1, 6, 0, 86),
(115, 9, 0, 7, 0, 19),
(116, 17, 0, 8, 0, 153),
(117, 3, 0, 1, 6, 35),
(118, 16, 0, 13, 0, 4),
(119, 13, 0, 9, 0, 14),
(120, 11, 1, 9, 0, 117),
(121, 10, 0, 6, 0, 81),
(122, 2, 0, 9, 0, 89),
(123, 6, 0, 14, 0, 114),
(124, 3, 1, 10, 0, 155),
(125, 9, 1, 0, 0, 108),
(126, 14, 0, 7, 0, 103),
(127, 18, 1, 14, 0, 91),
(128, 13, 0, 1, 9, 50),
(129, 11, 1, 4, 0, 8),
(130, 19, 0, 2, 9, 28),
(131, 10, 1, 13, 0, 80),
(132, 11, 0, 14, 0, 106),
(133, 15, 1, 13, 0, 11),
(134, 18, 0, 14, 0, 31),
(135, 3, 0, 4, 0, 153),
(136, 14, 1, 14, 0, 17),
(137, 6, 1, 2, 3, 22),
(138, 4, 0, 6, 0, 156),
(139, 3, 1, 8, 0, 125),
(140, 9, 0, 3, 3, 136),
(141, 6, 0, 4, 0, 40),
(142, 12, 0, 13, 0, 115),
(143, 10, 0, 14, 0, 145),
(144, 12, 0, 12, 0, 71),
(145, 2, 1, 7, 0, 150),
(146, 3, 0, 13, 0, 156),
(147, 15, 1, 7, 0, 28),
(148, 17, 1, 1, 9, 103),
(149, 14, 0, 6, 0, 70),
(150, 11, 1, 10, 0, 143),
(151, 17, 1, 8, 0, 70),
(152, 8, 0, 5, 0, 126),
(153, 4, 0, 0, 8, 72),
(154, 1, 0, 14, 0, 32),
(155, 4, 1, 14, 0, 35),
(156, 1, 1, 3, 9, 146),
(157, 18, 0, 14, 0, 8),
(158, 16, 1, 8, 0, 143),
(159, 4, 1, 0, 3, 139),
(160, 19, 0, 12, 0, 93),
(161, 6, 1, 12, 0, 51),
(162, 16, 0, 10, 0, 80),
(163, 3, 1, 11, 0, 31),
(164, 6, 1, 8, 0, 125),
(165, 2, 0, 11, 0, 148),
(166, 10, 1, 7, 0, 142),
(167, 3, 1, 6, 0, 100),
(168, 17, 0, 8, 0, 55),
(169, 7, 0, 6, 0, 7),
(170, 2, 0, 6, 0, 142),
(171, 12, 0, 9, 0, 52),
(172, 12, 1, 4, 0, 119),
(173, 9, 1, 0, 3, 65),
(174, 16, 0, 2, 9, 120),
(175, 12, 1, 10, 0, 120),
(176, 7, 1, 2, 3, 63),
(177, 4, 1, 1, 3, 74),
(178, 11, 1, 2, 3, 62),
(179, 8, 1, 8, 0, 92),
(180, 16, 0, 2, 6, 92),
(181, 6, 1, 10, 0, 88),
(182, 10, 0, 7, 0, 118),
(183, 16, 1, 5, 0, 50),
(184, 3, 1, 11, 0, 29),
(185, 5, 0, 0, 6, 155),
(186, 17, 0, 3, 3, 51),
(187, 10, 0, 8, 0, 138),
(188, 16, 1, 12, 0, 55),
(189, 19, 1, 13, 0, 8),
(190, 12, 1, 4, 0, 24),
(191, 18, 0, 10, 0, 24),
(192, 7, 0, 2, 3, 73),
(193, 13, 0, 5, 0, 134),
(194, 19, 1, 8, 0, 143),
(195, 16, 0, 3, 9, 6),
(196, 15, 0, 1, 9, 88),
(197, 1, 0, 7, 0, 112),
(198, 12, 0, 5, 0, 84),
(199, 1, 1, 10, 0, 81),
(200, 11, 1, 11, 0, 39),
(201, 18, 1, 4, 0, 41),
(202, 19, 0, 6, 0, 81),
(203, 6, 1, 11, 0, 96),
(204, 13, 1, 10, 0, 89),
(205, 19, 1, 14, 0, 60),
(206, 10, 1, 5, 0, 140),
(207, 15, 0, 3, 3, 3),
(208, 16, 1, 8, 0, 128),
(209, 6, 0, 1, 6, 46),
(210, 9, 0, 11, 0, 43),
(211, 6, 0, 10, 0, 38);

--
-- Indexek a kiírt táblákhoz
--

--
-- A tábla indexei `fajta`
--
ALTER TABLE `fajta`
  ADD PRIMARY KEY (`id`);

--
-- A tábla indexei `gazda`
--
ALTER TABLE `gazda`
  ADD PRIMARY KEY (`id`),
  ADD UNIQUE KEY `idx_gazda_telefon` (`telefon`),
  ADD UNIQUE KEY `idx_gazda_email` (`email`);

--
-- A tábla indexei `kezeles`
--
ALTER TABLE `kezeles`
  ADD PRIMARY KEY (`id`),
  ADD KEY `FK_kezeles_kezelestipus_id` (`kezelestipusId`),
  ADD KEY `FK_kezeles_kutya_id` (`kutyaId`);

--
-- A tábla indexei `kezelestipus`
--
ALTER TABLE `kezelestipus`
  ADD PRIMARY KEY (`id`);

--
-- A tábla indexei `kutya`
--
ALTER TABLE `kutya`
  ADD PRIMARY KEY (`id`),
  ADD KEY `FK_kutya_fajta_id` (`fajtaId`),
  ADD KEY `FK_kutya_gazda_id` (`gazdaId`);

--
-- A kiírt táblák AUTO_INCREMENT értéke
--

--
-- AUTO_INCREMENT a táblához `fajta`
--
ALTER TABLE `fajta`
  MODIFY `id` int(11) NOT NULL AUTO_INCREMENT, AUTO_INCREMENT=20;

--
-- AUTO_INCREMENT a táblához `gazda`
--
ALTER TABLE `gazda`
  MODIFY `id` int(11) NOT NULL AUTO_INCREMENT, AUTO_INCREMENT=157;

--
-- AUTO_INCREMENT a táblához `kezeles`
--
ALTER TABLE `kezeles`
  MODIFY `id` int(11) NOT NULL AUTO_INCREMENT, AUTO_INCREMENT=474;

--
-- AUTO_INCREMENT a táblához `kezelestipus`
--
ALTER TABLE `kezelestipus`
  MODIFY `id` int(11) NOT NULL AUTO_INCREMENT, AUTO_INCREMENT=11;

--
-- AUTO_INCREMENT a táblához `kutya`
--
ALTER TABLE `kutya`
  MODIFY `id` int(11) NOT NULL AUTO_INCREMENT, AUTO_INCREMENT=212;

--
-- Megkötések a kiírt táblákhoz
--

--
-- Megkötések a táblához `kezeles`
--
ALTER TABLE `kezeles`
  ADD CONSTRAINT `FK_kezeles_kezelestipus_id` FOREIGN KEY (`kezelestipusId`) REFERENCES `kezelestipus` (`id`),
  ADD CONSTRAINT `FK_kezeles_kutya_id` FOREIGN KEY (`kutyaId`) REFERENCES `kutya` (`id`);

--
-- Megkötések a táblához `kutya`
--
ALTER TABLE `kutya`
  ADD CONSTRAINT `FK_kutya_fajta_id` FOREIGN KEY (`fajtaId`) REFERENCES `fajta` (`id`),
  ADD CONSTRAINT `FK_kutya_gazda_id` FOREIGN KEY (`gazdaId`) REFERENCES `gazda` (`id`);
COMMIT;

/*!40101 SET CHARACTER_SET_CLIENT=@OLD_CHARACTER_SET_CLIENT */;
/*!40101 SET CHARACTER_SET_RESULTS=@OLD_CHARACTER_SET_RESULTS */;
/*!40101 SET COLLATION_CONNECTION=@OLD_COLLATION_CONNECTION */;
