-26,0622024;222,2433579
608,5318611;-631,6842803
-318,776369;-127,6953595
878,1339888;-188,974704
-368,5444302;355,0925977
-762,5296654;79,96535029
-114,0412188;-312,7599231
158,5062795;579,1657244
-866,8197782;-917,0147569
-243,9904088;896,7414812
-586,5577533;248,6235632
-903,5299899;-905,6655072
751,622766;-199,6191561
-410,5058926;-12,07769309
-370,4875433;702,8131561
877,6829276;-598,9432851
991,034025;975,3040211
-372,0183833;-993,3163727
-981,1078435;-413,5963762
-55,30603371;794,6855525
446,7275454;893,2820322
982,693097;639,9068014
-751,8373611;129,2079974
-202,2828723;-926,4892849
214,5815595;-236,0281935
-811,9978957;-576,5858241
125,565796;506,4278165
-274,0541544;276,6401292
-687,6164219;401,2483289
-575,2263809;910,1457002
380,3905308;726,0045073
64,511847;-871,7654265
-815,8956847;790,0513185
818,2912495;303,7823991
-387,1014704;349,0187217
-187,366404;569,1284336
411,1313615;166,1538258
-316,5934883;-744,6341971
266,865322;-703,2891738
-470,2723757;26,73398428
907,8508062;474,9423728
-910,4543721;-571,6536066
-622,8530367;-488,7152668
-499,5563498;184,0633825
-296,0083063;-825,9296628
-990,5773563;362,7999974
-984,6097456;-478,3694246
884,3176808;805,9063659
-368,1896482;-814,0582625
-749,3170925;-777,637335
-706,6596381;635,693349
62,72652681;-394,9494948
-733,3417732;723,8700667
-584,4311093;681,3785699
-658,4717431;-972,7983578
237,3830081;624,1459941
696,0519166;695,9314854
-776,6790414;-162,5957332
-99,58407258;906,6425897
74,08060292;85,00340245
-517,3691732;-184,038962
82,547119;-801,7766993
89,63736831;-481,6560535
-317,1447825;-341,0642353
-892,4911217;78,48727217
287,642748;-955,7044035
-736,2120269;-813,8418934
-356,9975525;252,1389286
-622,514041;-6,674953435
216,690376;612,4500748
-334,1074997;-416,4431565
-52,46728125;221,8988842
-311,2874539;875,6592471
-748,8238141;-370,1967679
-630,7785974;26,94090602
-949,9060807;796,9182209
364,4308174;874,4518666
-522,6696356;904,9050682
-458,8552627;899,5362109
203,414509;-462,8779521
-97,47827851;741,2120705
-507,2589638;507,3010549
56,94295768;765,5702081
323,3827776;-535,4120822
-236,190917;479,7011279
-45,52271953;-217,493735
-456,867217;-89,06480894
348,5020377;12,00813878
-706,8132876;-713,7936861
844,2699005;693,955091
-358,9254726;-822,2701516
644,8609765;-621,0400488
-102,5735282;913,0789145
-252,4697168;-307,6507094
-160,1837393;-202,6825673
-755,6518036;-13,68433465
779,4881665;-435,3035623
-789,7080846;424,2237731
-576,6024678;-555,6932105
-397,6259208;479,5478732
928,5604446;537,1747726
762,5288337;-186,665307
946,4107948;-241,3798152
-914,213802;-723,894911
875,969136;-462,7573877
-406,742455;-443,5866218
62,42222886;-365,5605809
667,4090332;-231,6021442
-135,6097269;571,7822482
390,8341722;942,4663912
985,5174473;-210,5547189
287,0367518;949,2470104
717,371675;-212,3466321
405,4280806;967,351913
597,1639376;-858,7161093
-30,92491511;-891,3085376
817,3246951;342,1173645
-22,98141852;-106,1320119
-986,4680031;703,1150609
851,543415;291,7686021
-635,7037025;-695,7108712
839,4351596;244,2417637
-627,6064361;3,282845614
960,3137601;-680,1165772
872,2981823;-235,1276528
649,2224673;-800,3785855
-162,3469144;800,7824041
-539,6899762;-323,9212013
-828,3020354;-601,206871
-300,6948407;-492,0810196
594,4831552;656,6494524
-692,5257935;193,8023238
668,0517127;-164,8216092
-106,9201266;300,845437
-369,9598074;209,7573766
-343,2444691;562,1201629
-903,1686958;413,3021905
-0,167745948;-368,9584238
405,5058492;-537,2939082
12,61628825;384,5303557
713,8190012;-967,2590679
-436,853342;546,8718451
-243,2379926;-749,5261901
-404,7007653;-952,4861945
967,7333761;387,5637139
279,9961729;-393,3543465
-736,9723709;914,2908298
332,1541765;-653,4385816
807,5680333;469,5085293
316,1253297;41,30363637
-538,2135895;341,8296214
-497,4389403;-164,2079875
-93,93168187;-229,4603046
-720,9425963;724,0525909
-803,50962;135,950353
725,5541328;354,1773789
582,1438796;979,6244783
-647,8584287;-274,8598805
-585,2158344;993,0107964
195,0826019;922,8290868
354,2983241;-212,9025235
-134,5568793;719,1206639
741,9534646;700,8925165
-489,3415692;-46,1174925
317,0292433;499,2408768
-474,6995877;-910,079592
-779,0106703;213,4745529
-507,7468602;-291,5093719
26,73160639;-889,527323
-481,706839;-321,9400958
-826,8185484;634,7961422
350,4035813;756,7926582
-940,3990182;901,9861099
348,0349158;164,9509013
-453,1396614;343,5460523
118,8975197;294,443665
332,2244085;-548,5825095
-148,7531297;-559,1452454
948,3870337;243,8167827
459,7126149;644,6093618
315,7268679;-735,8746646
-408,5181133;535,1214773
960,1805219;-898,8953372
576,6514691;92,91370555
672,2999959;-83,01857581
-345,3673636;-615,1826934
-479,7707233;-84,58536367
71,97020513;-627,9227693
-886,4063042;733,6151878
730,2633388;108,3487841
-690,2113778;-862,0637229
782,4569161;333,6385108
656,717718;-545,8008208
-276,0045803;-525,2482372
-613,0488826;382,6170406
-609,7338291;-329,6433243
-326,507316;-404,8058724
-338,3715699;96,13028212
653,1025227;-201,284044
-381,0241111;-350,2960451
-851,6039977;603,9483787
-593,2389618;-234,3499656
285,5066723;170,9684841
714,7896856;-595,7095298
831,0725945;393,0624847
-216,6893799;-74,69629391
-842,9176913;-640,911168
-726,3304453;676,5065011
512,327481;799,083544
763,0047107;-691,7320458
228,6913639;583,8068812
-298,9836741;256,9009137
227,2913102;-810,930951
4,21901987;-847,157028
495,7960881;-892,8127526
732,8369414;-740,4156151
-971,3373191;-931,3263657
-857,9629956;-683,8752137
514,3640425;210,8150079
667,5927525;742,1505062
-445,5293534;-172,3570801
369,0727901;-950,4034816
-687,2911288;-608,5298242
997,4778599;40,71838613
689,04139;-433,507092
643,7220264;160,9995671
870,6581476;65,72201995
-285,1501006;-204,9401158
726,1796771;-341,7097883
-588,0043933;18,87230356
883,2812116;45,56277861
648,0572413;-290,4881787
-973,3967004;315,4217984
-738,2810243;14,92206509
-783,5807944;-315,7043257
-21,21234509;-788,0240896
-893,4238566;-434,599376
496,4116773;-325,8431419
93,14957616;-354,3388785
606,6809813;960,8426269
-898,78444;-964,3870878
-147,7074119;595,1828538
838,6722304;965,0649104
326,5917105;-313,5969307
618,5061091;576,4718882
-952,8054411;434,0701093
-736,96475;913,0733476
215,4480583;-963,8134187
867,6292279;-792,3071501
234,9755325;-725,2678891
-149,2212308;657,4304925
380,4635702;467,0868007
925,8863805;268,6163152
-782,9681313;-297,8453707
492,6134135;594,345605
-175,7805024;68,99447361
780,4838206;-601,5826636
-59,89291788;-319,8701744
-774,6142035;832,5794328
231,9048681;793,6446758
-999,6060744;735,0886309
-149,6787104;-945,6645167
-736,2651774;-277,6826868
-84,16330126;972,3007704
-170,873404;-343,6723854
-846,3614079;-199,5136248
-606,5060447;75,73366677
-114,3536873;275,8397893
-138,1192248;137,2590987
806,6323846;-509,8593516
320,4481528;524,9040585
730,9897377;713,7438269
-184,1402151;-375,5814794
-943,9199813;-870,5247146
152,1551278;902,7899783
-624,2521072;-778,9459766
-765,8348571;830,4701194
-68,10858233;748,3649096
230,1578456;-57,39127088
-707,4629889;-767,1104202
-369,9873998;-124,7015034
-897,9506043;-102,1049286
439,0675478;-434,244069
285,7270394;610,8018357
-806,4765296;377,2240665
-255,7253228;747,4212067
990,8622385;-364,1346377
575,5297928;-138,4535838
-58,11959469;291,8616585
-642,8699875;-538,3491254
707,3146412;424,3253808
-515,7561789;587,268162
-724,8809837;355,2877597
-705,5292647;-84,9807382
-113,3667066;745,5607452
871,6274581;-947,6477522
948,5695334;-58,40764846
-536,0394707;887,818773
-850,8022395;-468,8253765
137,7107751;-681,1898826
300,0101765;15,32834576
710,8595264;-329,8683546
2,679450515;411,0662386
-517,8502304;-529,8814359
-419,259025;215,6491606
644,2928541;549,5642562
-741,6366795;-763,1352281
426,784216;828,8620346
-311,9915149;206,4798512
-775,9229363;583,1320726
-830,4060176;-944,6124854
864,7323142;268,2595998
410,1771968;-948,4546715
308,0506055;-914,1234267
790,3797809;398,7200078
-180,0670488;518,4769185
-205,3034257;889,3340226
-291,234038;608,8966884
633,0274587;290,8671174
-205,9727413;-30,74044024
-469,541852;853,2349654
-740,3370464;-777,1833749
685,0709501;-295,714421
-203,5097103;-439,7959759
740,8745125;759,774838
-990,7020369;-201,6381221
584,2945739;503,1085073
893,4180509;-438,3955777
918,2914287;-263,2755324
-343,0550565;-988,6231535
58,57008422;276,3835884
-579,3050199;-266,7670015
-662,5759182;-801,7923969
159,7187906;-993,065727
-254,5311318;-883,4057084
662,4404419;-958,665603
806,0827177;-288,6259021
248,2150386;745,0396531
-739,4121834;149,284979
-44,93865561;-139,6675346
667,494965;-812,9098721
-757,7194404;-688,5934298
336,4154026;-702,841753
753,4713681;942,0518714
-485,3168675;-726,7470164
-652,8188738;725,4324102
428,8171411;-269,3569076
-611,8435981;998,5120287
-787,6572467;-454,862125
453,4551389;519,3542497
-106,6943609;-189,6554945
-142,8698497;-938,122973
915,4134223;-356,4391643
-228,2064997;-149,7528262
-776,1909788;-160,8299346
729,2454925;263,933879
-419,4435425;345,1296179
211,2218075;-540,3117399
-92,76096198;319,0010525
-699,9770369;-644,4161551
646,8946755;277,5296742
466,8238621;356,9465761
-384,4847792;234,8884971
-22,5659934;-539,9172739
-432,6794047;472,1485656
-874,6382119;-350,5304091
428,2850983;-285,0772403
640,8701282;553,4915096
-526,6184608;-422,6102755
-376,8482425;593,0697453
-602,5799947;-385,8550785
-338,0975609;9,604496918
-239,3230958;-378,2757072
938,9215945;-792,7982136
-972,8365837;-398,1187356
-836,8872358;211,2399356
357,4154351;889,2362116
110,354528;810,8320124
-449,7132411;849,8768959
371,7367182;294,6381899
-951,8075936;349,3082128
617,3479006;880,5456381
-810,0954067;283,3080556
-141,8766527;536,9961039
308,3345745;-72,64312032
-146,22135;561,1794399
-64,68145416;-184,2008615
-68,05301204;475,1235224
-714,6339574;462,1903279
505,1757253;-7,152478775
-170,8653197;166,7403897
944,0867814;-966,6700975
767,6273256;-217,6133172
867,8344525;-836,8631678
-94,9513824;514,297028
-774,0058586;906,4652413
-58,5850037;-624,0158697
339,7624127;916,7184079
-799,9151673;648,8972065
961,9960256;-919,5601024
313,8059884;-606,0341334
64,4690825;-718,6535985
-264,4342117;898,4493496
415,0126918;413,4707306
-478,4141478;-254,3063253
392,0621191;145,8280854
360,308992;-363,9291691
-984,3230619;925,8622237
-301,8124386;750,4844138
591,174133;-830,8703789
-343,3522492;-657,6045393
-89,14146271;426,9334868
-900,4700425;-814,6612801
578,1811909;836,9072014
-758,9130432;-308,2886374
934,7006541;551,1530763
535,6557182;-171,3878037
93,02461723;415,1088147
679,397055;113,7505763
-153,3711294;245,7637657
82,41735983;349,2952478
492,4921669;-346,0961061
878,6289813;-5,235006765
-519,1429829;-992,1437986
-402,0249557;741,8744608
-9,015391276;-914,6980707
882,6590162;920,0182877
350,5157172;510,8127807
79,37882978;-111,1407495
-268,4269549;65,30508536
-862,5591299;-908,5757899
335,095562;-606,9373262
-784,5325755;-849,5474008
-980,0386432;-663,9680465
-820,1289637;-257,6944692
-129,8566831;25,68852871
-758,457367;-577,8156894
-906,6856526;-692,2087697
658,0054342;-61,87077813
599,1499554;989,0553293
-135,5944913;875,2954084
477,6222771;-815,6383195
80,12312575;-997,3497477
-361,076038;-728,5154926
119,830764;-372,2225752
793,7987707;13,42534154
747,6390982;-681,4926143
99,90950814;-689,4103202
-81,9301484;553,6717424
-605,9918828;-767,187091
31,22934153;10,87354329
-941,1080796;-409,4809053
123,1339954;-385,5503466
354,6242734;347,1755612
437,3485425;-206,8651858
741,1499211;-214,3931475
-754,0598668;-556,112553
741,8604638;338,2261845
783,3236185;-495,8101897
596,5613867;365,9299893
773,7446206;406,3079037
-511,3780111;58,83780786
-921,9110879;-36,29271001
-680,0017358;653,1096799
501,1409289;406,3943756
-798,1927748;-184,0863924
-605,6418259;913,081449
-724,6553189;-631,6854452
-361,1386657;-891,1223747
798,6524263;771,3519473
79,41677702;-855,1172025
-213,7207347;867,9947264
-707,6281624;175,5932086
451,7634357;-371,3671659
422,5800245;-107,1403699
-625,6728556;514,8710155
803,9968397;65,99949124
372,7657578;-698,6921132
805,0138927;-517,8035467
424,6863384;-346,368518
913,4177908;-371,5684052
792,5619761;-5,193287705
459,5640846;244,4862019
-441,7970489;882,6148986
-109,8141008;-296,1182573
-168,0679867;953,0174843
890,317467;-494,6484735
105,2566976;263,0029398
39,54519234;-810,3569432
-698,4513008;-220,1359315
431,9443757;324,0937994
343,5135475;-516,8046513
-199,7279828;446,8587832
198,3707985;696,8917676
160,3676154;995,4184612
832,1261467;439,6877181
135,6694944;-924,4188876
620,614819;-141,6748005
329,7057548;-231,8706426
87,37213662;-627,6663556
-721,0892255;318,1046645
-41,65655989;917,0274446
-429,1062558;-711,9771736
398,9320053;-878,5978556
594,0577607;818,5032072
-159,9542935;430,4207329
-784,9080006;-48,72331106
-711,6969364;256,780705
375,1203267;-150,5715539
307,2129164;-515,0470881
389,6239533;-166,1306874
-138,7196174;506,2172309
362,8348962;289,7099988
-422,8845398;141,4184491
-958,3140339;491,4141293
295,3509845;-575,9990942
-838,5944115;-557,1388302
-733,64403;732,7389235
-574,6362411;24,74211885
674,3465981;39,77078524
-92,89295743;-762,8503917
138,1800514;-936,1439229
568,4091687;311,6282949
671,1430867;-302,9796916
638,9661331;110,5459254
285,2480665;820,8741703
163,8687907;30,98361551
-204,9364235;-149,8396025
828,2062892;-12,14854601
767,7590541;198,1625101
-398,5433543;-160,5757325
-725,1942403;-75,91357987
-855,9689129;474,5220086
-630,1756537;410,8468723
811,2201113;396,8007796
307,7184276;603,8193999
399,7829433;848,7149436
-560,4731566;-398,3114429
-397,9460457;767,4194434
-257,8491076;-567,0945239
469,50857;-714,643786
9,160001642;813,2794953
-307,7310805;785,3175715
559,5316727;-294,6882236
-627,5429971;416,250304
-356,5948676;157,4754415
-659,8061391;911,7531976
941,2945346;-656,59779
2,627766599;-601,400072
173,1709109;-621,1205843
786,0004357;864,1839869
743,5699989;-175,3086057
-525,2965576;791,1560857
803,1040518;-933,5501686
553,1754085;710,4234824
-469,5246617;441,7339295
586,1822065;-852,9674222
-131,3450518;-366,3062031
264,5889423;-103,0703083
-827,6307743;-175,0434997
446,0809292;-669,7075045
257,5436751;-518,1108193
-863,0694312;940,846438
493,5058746;662,772915
-863,4257025;-161,566821
455,0309407;212,9803224
-433,7294891;-347,7168394
-306,6877406;981,4969758
-290,1284682;166,5804511
-721,925131;521,5473432
295,8743946;732,8806361
722,3305911;166,6734384
7,667267129;-735,2834058
-425,4229233;873,0920963
-73,36573125;-308,4142738
15,65320494;725,1951037
-520,7456081;726,7306622
886,6400193;-765,191759
-523,5107835;-507,8710691
-413,0760588;44,21756116
-252,1798779;-88,94911551
341,2882916;201,5635275
-145,8294455;-806,1033472
-813,7688948;-650,80848
-107,6291349;-382,1505618
-906,9191044;-246,4789378
-17,7803389;87,00855692
-922,6882007;-89,49158145
-436,3868967;294,6499095
677,7178106;-941,6354781
-924,3747266;124,6227928
-862,6531327;-695,3000247
535,927882;562,8845759
-798,7089842;-326,2179068
-580,7204277;232,8252992
-98,25360525;229,7269964
-762,0505903;-787,98019
-647,7238318;842,7728706
653,9318779;-446,3209984
373,5245123;170,2859766
-830,4625702;-464,8643038
-125,3553182;-72,81293134
-500,6858136;-766,3612
-902,3492258;-893,3253714
-80,6753868;742,4561073
277,2498467;942,8819481
-229,9338493;-481,0461869
-756,1924303;-401,7310745
-322,5375575;942,6777299
638,1028833;979,6758097
-810,8135026;-710,3968739
974,7641922;574,2999936
987,0365088;988,3248673
-620,7643149;-974,1234316
421,8800792;-814,2259008
-804,4906138;232,9246535
-834,0766774;373,7955439
844,4474871;-148,7394469
706,6664294;626,3181106
-698,3559125;248,1340598
162,6513806;-304,7277072
400,670433;-72,4738959
915,9797579;-235,2376703
-385,7281566;562,6261951
-195,9837051;481,264614
582,6796048;364,0267346
-961,6954675;-699,2611852
-473,4588195;-988,887073
-683,3786001;425,4557984
568,4071793;534,5829006
-438,9981379;891,8290884
99,91316621;-97,73365122
567,0013911;-550,8945579
-884,8281001;-406,0150085
33,86795626;509,986031
969,8578058;455,8077904
-629,5141499;586,2612543
-547,2720667;658,9679743
-428,647871;-594,497292
262,4082555;993,2677596
920,603043;-405,0372456
-890,4529333;-64,41238037
761,0826805;-420,8069851
958,8077116;-420,0138453
-146,6953679;113,7657
-165,734444;213,0268792
-300,2731149;230,3446927
462,9523772;-538,6640945
-85,50137492;-545,469534
-966,5094465;-710,9543345
825,2570316;419,5729618
-688,9422299;483,7365043
33,82488493;-666,9839982
-901,1800841;-769,5078119
-467,6115703;718,6198984
-466,8356484;-612,6618713
47,7898055;631,9305649
-567,7773983;197,9886624
318,1733003;261,5031652
560,5017158;650,6010593
851,9266132;-867,3385347
417,9614327;374,1310752
-26,14044138;124,7479827
-285,0026085;490,3996516
-473,3547025;-239,9754274
-186,1195513;-789,7337045
391,5563456;630,7642061
-913,7773949;92,17414483
319,4056381;-693,2661128
-169,6123336;-131,4966948
485,0650843;698,4995782
-521,0798469;7,598096919
-202,8869016;292,8494217
-745,4555784;-498,296062
-540,024833;932,172658
434,9247892;-222,9701484
-226,7034372;-666,4207323
975,45462;990,9956282
689,0658178;295,9074871
454,218183;-733,915238
126,653174;-567,3588395
128,818997;-673,8232782
218,1044397;43,77284508
-858,8644717;220,2302504
482,3867987;-456,7010331
644,9297;264,1844408
-195,9197757;974,4128044
-409,902686;-269,9766949
706,6645925;378,0185848
-668,8295106;-440,379389
-804,6714637;-674,9998772
269,4909249;792,619866
-917,1884728;634,0699994
-267,2953817;747,6622481
-615,5068961;-901,4736203
15,49895814;426,8236067
-704,0147124;199,8332913
48,50898442;-536,4028672
-129,2262765;909,0895142
467,6600671;457,728379
-406,4964329;-304,3339234
-751,5767473;-328,4758162
864,026618;812,1924369
340,4002498;-567,0132278
-533,5828103;-975,5576939
487,5303965;170,1121075
431,2576159;23,35014354
-492,6113702;-772,685101
-573,5299671;195,4158632
-194,6308447;767,2640377
-815,5811632;-135,5579346
326,495661;962,4649658
861,7573486;-738,2564293
-662,3578609;294,6690014
-297,6567026;935,1101831
480,2477529;-866,2893498
529,5033763;-298,8056003
974,4813897;-735,0573336
-428,1914657;-982,9304131
113,7444045;-977,0569968
-890,1976858;-311,3054748
595,4186051;-202,0858827
93,80736671;-615,1009589
991,0430721;582,5156635
604,8738305;73,35549812
496,4877458;578,0607254
959,4804389;-353,9726868
-354,9876844;402,8877704
99,69529743;-589,9862106
-688,454118;671,2799429
-18,94041733;317,3707304
-791,3152002;394,9736627
656,8720714;-326,3614336
-659,4078161;-409,9952842
-574,5893449;-753,0139872
927,5575095;-962,353712
-383,4339825;288,254194
539,9346723;635,6826554
-37,43791245;679,482225
37,96173501;-82,90860469
564,7041693;-920,1147286
-379,2078304;31,30091729
831,4874032;-62,69613091
-500,9610264;-949,4356786
-343,5570016;-528,9556316
-414,7142273;-277,959034
-6,454490272;-594,3740832
97,68678098;956,5644132
-983,5581079;451,3978523
-335,4087636;-376,6145241
605,4348842;707,0447469
-235,4387151;322,4377873
-754,7346804;-878,8928655
-679,6396436;202,9381989
-433,3048541;946,5925747
-439,6730355;754,1268882
111,2440467;-243,7202137
458,1369062;863,3764494
203,9233352;48,94794411
-838,0418177;-716,7778012
-520,8889943;956,0821556
514,4925029;-662,6590352
115,8811765;949,5258345
877,4110708;-520,9725169
-595,5863792;516,8378825
-437,8016154;679,8237709
496,966473;-471,0802712
-633,6514618;-322,7821094
558,1913174;482,5284898
993,0413751;-257,4043127
553,7348027;-554,6056516
-23,03834535;-524,5345371
333,7607728;-601,9198291
-537,970736;-853,2612886
-613,7358756;-799,9388111
4,476448648;-494,0713893
783,8954608;649,0485016
-875,8470431;-571,9659537
-229,6604038;-716,2518348
862,2415684;-432,8357414
300,6760576;902,8786
701,2882673;-727,6630057
-854,9513035;23,55991668
-138,7325107;886,4593301
-746,5372518;-807,6685687
-19,35552333;383,5899895
173,5205531;667,5292287
-213,4278189;-51,80698854
-116,0440449;180,4158625
621,9071436;-918,5940392
-224,2609949;-27,72410385
444,6381134;-246,3148277
-888,123303;796,0540922
-643,9074118;102,3289992
506,6644821;-600,3534271
-991,0108332;539,6866387
12,79703755;-523,1194447
-694,2391684;-870,7948043
438,0243767;940,7861329
-283,5568086;-188,0309555
203,2042992;729,4006778
849,7633152;518,914335
109,630501;193,4920115
-999,5581342;577,9208224
-732,305404;-774,7739259
-3,328391436;239,4586027
-530,1537973;-764,9277889
-443,4645707;-169,7730739
411,7526256;870,4517506
-112,0210824;240,8044625
-727,5427593;-376,5413141
-106,8289096;885,0457556
-616,5311897;-902,0811957
-885,0771744;687,0892903
789,5864428;661,9017724
338,9298328;223,4197478
234,299592;784,3265186
892,9210093;-531,6244505
759,0810827;125,8904191
101,0782313;90,43403465
-254,726965;390,2584379
-921,5946931;-346,6635471
-197,8678155;102,0991287
696,8950536;384,0293108
408,1256431;42,99294092
-313,0836935;-918,4605244
-549,9481881;-267,6698593
665,2431691;819,0407111
-119,3191149;-903,7694523
-401,2992729;-707,9910329
331,472566;137,1715265
409,6160805;-286,9692049
408,6963284;-752,9475797
-652,4089223;554,5853732
-693,107495;142,6072659
100,9567379;-764,7846536
417,2469493;-639,291379
-131,1434024;-404,5834368
-963,5855094;-80,84399863
-582,928491;-629,8993828
695,0261716;311,6320912
-823,2320556;637,5485827
12,83866198;458,1860817
675,8200278;-850,1170518
-681,2776246;741,6897521
511,5097814;-858,3468342
513,8421104;909,3810255
-915,9936487;503,033116
468,5659534;427,2907944
-454,3543271;-671,3035251
-169,0412343;297,8920626
-863,415158;145,4909734
237,8639964;277,976373
622,9331392;-200,5074502
-702,0231049;892,0939006
-897,2552681;353,5500058
-184,1631479;521,9256338
194,5055671;12,50008161
-388,9858023;193,4548608
-226,5778913;487,7698931
135,7458598;444,4315938
483,0381875;158,0285656
199,2951321;347,3966458
-237,7460733;-897,3605718
-463,9499505;-410,9556704
282,3985262;911,124867
41,85883955;606,8939048
512,487421;-734,5352918
-179,3257062;169,1542655
-157,4557482;-167,0493637
26,52318884;837,1013881
-691,4375037;-173,4804638
659,4340365;595,586239
708,9729218;330,2361045
-483,0977654;-998,8730328
-668,4934434;333,0004993
-429,9420264;-328,391653
88,49495134;352,6535153
-360,8786266;185,1987889
-151,0212481;-948,7441208
-139,3190154;-659,5668115
667,706314;608,9598592
634,3545737;436,4142615
-256,3825439;538,1108256
-370,0185837;957,7628036
-136,4740295;-145,5710084
276,9435219;-9,723680492
50,13545623;181,7397572
381,243086;731,1905358
887,8104301;-0,019596561
215,4916433;699,1421122
-800,3272202;283,0727152
533,446487;-201,129653
819,5469459;-994,1292415
-194,8834778;591,0037749
103,178403;-938,6562547
490,171575;891,1102932
762,3498439;-231,5095094
335,4584729;154,4651661
-995,8579071;-631,5503911
35,30815743;-384,3902721
596,3752315;552,5922013
-185,3551921;487,575406
618,3086945;156,6678748
-958,7318761;655,4214264
344,2775787;530,9574534
-906,7618071;53,62697749
-802,3599393;-469,8044375
-146,5126278;-304,7757387
-21,70573245;966,9780268
895,3171852;989,0672939
-426,0634625;-926,5863715
-649,7256256;756,5205309
914,1894168;166,943534
755,2469602;-538,0449843
570,8730923;214,9148716
-433,3429323;-799,7294193
-610,5448478;-783,181141
409,1950268;-913,5610861
915,2403341;355,1152056
-981,5504112;642,1022773
-412,4231666;37,99413336
543,5364323;-607,6458994
173,962801;-157,4489087
102,7033258;-667,9077877
-489,6765919;985,107199
111,1826411;-583,5519363
225,5917396;822,0875888
-814,8425687;111,6409485
-464,6447076;-898,6166559
-59,10401636;327,5091638
-147,6636551;743,9587922
-419,713507;-417,3997045
-123,6184472;-748,100916
-557,8941997;-974,0977235
-115,0471744;81,20775458
419,3785839;678,1586756
-636,5411243;93,3846721
-626,5806729;570,5037356
-868,4153032;-393,6214049
487,1398529;-793,729267
203,7182007;511,7537767
-474,7286717;231,2088243
-436,8734101;-817,9039452
-977,7160045;516,2357847
-991,5621728;606,6502427
-430,252104;-663,4041424
-608,4017271;298,0586213
-326,7302397;-554,9674915
957,3555747;157,8158962
-649,3040507;-873,2308031
-450,2444466;632,4348326
152,9840218;428,730802
142,6290774;-782,0004368
909,5460276;194,3154324
970,7528967;-289,7066545
-118,263453;-710,0008345
285,7437243;-202,4125391
106,6549506;470,1148198
-840,5245546;812,9766475
828,2980513;736,3443419
627,3394878;803,5513901
-739,6491339;-627,4498322
-215,6890829;-113,8911119
192,5024175;-346,788807
311,4772349;829,0023025
-239,9860016;-275,1077468
-895,4301892;-513,181527
-266,8971711;-222,6456539
-430,681891;333,5184334
-179,6628565;-408,42668
-253,033078;-66,78306242
261,5391053;407,9664257
918,3169066;-406,7594679
175,3193976;-224,1715425
75,42627112;-181,8535779
-27,61345573;14,61221789
508,6656824;654,2755584
655,4601817;-298,5735799
-64,2128266;-695,8366846
940,0923615;-930,6608143
-58,53594952;412,1722539
925,081801;-632,150106
656,9129164;854,7239071
-465,572206;469,7854508
290,6552674;-292,1893992
345,0491559;3,182024376
824,4355007;830,4459582
-92,88102193;-189,5434042
625,287044;413,1607102
493,6314112;-112,4286257
852,0116323;459,4249888
-539,6662988;-807,9047601
-275,3245353;-266,7826881
300,773171;567,6868278
-357,1010055;756,2710904
208,9816134;-924,1505307
-566,8924438;-882,2545534
-202,7722056;213,8625193
-267,3229775;900,3058973
221,3221713;887,7455827
-31,16533537;929,1148169
821,9021508;-862,5081037
715,7417303;77,51513586
-812,9761705;547,3129037
656,6032131;579,1735656
414,365126;-282,5879163
931,1573919;-856,5229889
-532,9827005;546,8030216
836,2675329;463,3319827
488,6003097;385,1307301
-818,5053944;-257,664182
610,2492493;923,6689322
470,3565832;347,7418264
721,2534513;-57,84155684
977,7283327;228,0681176
452,210988;69,06053977
-411,1731164;-571,7334114
-455,0005666;157,2539683
-297,1891086;-3,598361011
267,0611893;755,6180675
-751,7330158;513,9199972
669,5182074;649,9962828
340,4714935;351,6392424
-756,1610883;200,6141276
-451,1358159;158,4481298
244,7393025;-495,2803394
-486,2160203;985,2919435
930,3435783;193,9071476
-900,8677384;-255,4765222
917,131548;68,42702884
662,8060937;679,5293168
537,0204252;-241,3246737
-185,8318545;152,5943167
-457,3378997;373,6946227
-473,3873339;495,913989
470,0613498;748,5505696
960,0086125;480,1830029
-613,6139783;899,4904099
-859,8372297;-922,1208654
-761,248212;-906,1139184
34,1583213;184,4910333
380,3725786;-441,7858487
-784,2021662;199,3279984
-722,5544567;832,0081908
-360,3091324;752,1066682
276,3150728;-368,8475278
391,5017435;-491,7467529
-241,1535392;464,9469478
-609,7657368;881,5168378
-600,3174133;-224,0194092
-102,0704609;-482,6560149
910,1620744;-533,6339158
-355,1233654;505,3715784
295,6371706;-137,5774158
-55,20434632;266,4099362
-219,8145893;206,14417
261,1418561;820,1495273
-522,0534298;243,6938615
-873,9689143;573,1976592
-337,9016127;369,7216999
-844,1987807;-879,5042122
534,4223018;-795,5809498
-966,6666031;-550,3434522
-220,5337116;625,2295679
-626,0438483;-267,9223404
-248,5284747;-59,6092137
-985,489852;-164,4702722
-95,8955808;878,0392084
748,4749829;-419,4870441
-277,5373717;246,1472777
-729,3608488;804,0658191
18,46971123;495,0092969
-454,1273027;921,3770132
862,6654958;920,3988294
-204,0827344;875,670898
573,2482928;500,5832345
565,6562811;760,1230209
920,2684357;202,8776328
-737,9018673;-645,3669559
-585,4636751;-266,8650622
869,3242746;891,7219796
467,2988734;384,6751522
798,3541995;-478,4693983
-164,0730752;510,7043849
-615,3043506;931,7195489
668,5244438;-985,0373529
729,7722252;-496,9729051
-806,3223906;-867,5327403
-966,9614401;403,9720551
-156,7989805;-462,5226859
-405,3271366;-653,0217373
-887,6230449;154,1796514
379,3112232;-814,4649521
-578,249232;-629,7733047
102,2107872;-633,6093468
157,8839318;-65,07491483
-905,6754289;-130,2816099
262,0269387;814,0575945
359,3116129;382,4111746
567,9914345;-201,9027032
-705,6333698;-55,92585582
-14,56853695;434,8930762
244,852767;-235,8051255
223,3216495;-850,3015805
-540,518282;-842,011921
730,3741037;-988,3115972
-184,3166814;631,7329297
679,877395;608,5453784
770,3327677;231,0635255
-562,9101008;76,88860298
799,6604324;-170,7487735
314,4100126;555,8435917
926,396051;-361,8693365
303,6392904;33,48212244
12,82806269;861,5466441
166,4056951;393,901403
-388,5434278;402,41438
741,2536074;-913,0693401
-439,7347371;-360,970811
370,6024865;-595,5701959
-119,9851565;195,1285895
134,0639905;157,4022329
88,86564921;-907,0245311
615,1881911;385,0320094
-157,9268203;939,7086086
-469,6691872;-652,2890134
620,7443658;893,0718773
-898,3352153;-509,9483467
-428,6495161;-601,6530557
796,5399112;552,0216439
84,13843196;-358,2185009
-218,0065514;-820,6435519
927,4132361;-655,0115851
630,9391074;206,1477387
-327,4002732;894,4519453
-981,0682531;845,5103662
36,86400614;-368,1293405
-690,0061001;457,7191003
381,9957677;274,8440766
-777,9172518;419,5419242
-339,8484113;753,47925
469,6741743;-683,0322619
727,9568179;82,35664671
-699,77962;304,1246549
-882,3554481;46,93809337
-866,1912801;-787,2404674
769,0076979;989,326233
39,13061848;145,5311527
126,9255693;-681,9804187
373,7254003;-37,14530724
-644,3019004;-596,9777918
423,1200587;511,7637439
410,9919272;443,8740367
-468,3214264;-348,0521237
-372,0390346;33,31271263
-471,5099685;-2,716502537
-592,8035749;-413,8615308
-870,1482335;-720,0312612
409,7854526;-879,7230446
814,6686799;-191,0166546
53,98183587;-821,7457943
307,8257735;656,1688515
-796,6078062;-374,0637112
776,3910398;646,2656158
67,3922986;59,02721059
-753,2483687;924,3749998
7,626397985;-343,9627248
67,1034251;746,2731154
169,9234806;635,9183597
-370,3205759;-133,8079463
-138,2569656;559,5867203
622,1301314;-330,4896399
580,2308939;-912,0032285
325,9685106;-124,164568
-381,6582567;-931,5261622
-68,60308931;-155,9000507
802,7703577;81,24201941
-200,6739555;-724,8703557
-29,5595447;884,0160414
-10,70761391;727,2892944
-825,384253;-393,6397808
652,3006279;536,0710678
912,2979069;-376,7065403
859,3892831;-246,4407015
-461,2850548;-826,3744568
798,4019896;187,8419579
361,1682034;611,8716824
42,62972265;487,866129
-600,6880343;4,68546087
-283,6337904;528,7797898
-648,1266365;-555,6553559
-318,678129;914,7820204
-386,5796717;-375,9373189
863,0197684;481,9709766
645,8107809;382,945329
-824,032283;652,0004126
389,6696162;105,510334
-234,0659637;-323,9415018
-559,5992518;795,3937281
832,2117394;-296,731123
-329,7409678;-74,39231906
-93,15796985;-360,6088629
999,1949483;151,5105921
748,744085;-935,6326923
-677,1875819;-492,8236286
-302,5737144;-219,9560011
747,7413595;16,67619751
-438,7836493;-91,33215233
35,03653277;750,1030206
340,0635049;56,477355
416,7049471;579,9785622
-515,7660433;-843,2694521
532,6317392;841,2418922
-933,8565331;-596,3171321
393,4557444;254,6136226
363,1439376;-220,3465991
713,3801891;597,1175839
-653,6140548;-586,9358232
165,6694271;390,8260838
412,4542424;18,92865791
40,36277145;739,6544221
-136,7690685;-209,9111112
-143,1608345;-46,95320993
88,55000744;-941,7032178
332,067829;824,204006
-438,3456709;-620,4957501
931,4117148;-879,2433504
-737,4156838;958,9645718
804,2395513;-106,1233782
-326,8831184;-48,61715861
789,8256425;746,0078683
-687,4236268;833,6122562
970,7719642;-153,5505242
-872,967864;-701,765047
685,5516621;527,2626891
996,6299363;739,9783176
-406,8117848;-340,6119378
-262,6652157;498,8978928
-837,9374767;-795,441007
217,8095527;214,8335067
854,2581382;-731,8862597
808,9536034;-645,0954451
-419,465882;958,1189927
560,6229605;-660,3455843
879,8678703;98,41892905
-38,47581496;-578,6108589
-979,7030556;433,3543589
-992,5513721;100,9408647
-332,315982;528,7239353
481,6304249;247,9863382
121,5481637;-678,9563223
645,6092462;-492,3339571
-53,04249963;560,269366
147,5820288;-460,5325999
610,6473773;459,6187237
-506,4364936;-472,3655331
854,4752843;516,2032909
821,9778429;-528,264688
-28,25383648;-999,6440646
48,5314446;-342,1444565
-32,13158231;129,7713678
164,4929184;484,293149
107,2477168;-346,8424978
-394,9131946;-985,5369213
137,7607889;121,9178591
55,97677832;-430,1526383
414,2124944;778,7055245
-980,5492662;744,2549719
-475,6228387;-63,72891311
305,8338926;-620,8909152
604,8340523;-707,3952114
-532,7364419;372,3260835
-448,4569534;537,2488537
-943,1001664;-111,604139
135,1536679;-321,9777697
-103,2047678;-749,4002074
-869,3215579;-613,6469119
-773,6051716;-915,8118372
-223,9465138;-800,9869409
-420,0187591;-600,3552142
62,61417571;179,9018593
381,6143668;646,1704342
627,5549045;636,9993912
-756,6365847;-266,2281562
-682,8959386;-313,0068739
-412,4473416;817,2081418
-752,0973088;-921,0185247
592,5231836;439,9612039
-959,2050248;197,6535935
785,751675;419,616849
625,7596063;472,1365888
-181,3930253;990,3775098
-30,3758561;699,2071053
-464,6732668;-210,8419513
-449,2923723;-406,5904069
84,92480336;-407,5945247
734,6473683;-914,6847031
996,7406791;-29,17568187
878,1104749;-639,1095243
-555,7846109;577,8295876
700,8573497;-235,2694884
-858,958424;44,80493832
-722,6279531;-309,7151351
-105,1405893;991,7458641
-136,8806342;155,3435083
-647,494097;-278,3236745
458,3552122;567,5160417
831,1513199;373,369083
-279,1783148;-475,1324733
-273,1302181;558,0332939
755,4354062;577,9074665
218,1848857;-313,822942
-656,7990844;66,63530642
604,8321182;-107,7205872
116,7102515;-804,1143189
-779,256039;-724,3051829
891,7345845;701,6261867
-372,0935793;346,3102699
251,3310045;-513,2810905
-438,8472018;-366,8381258
758,1991041;700,6566216
-284,3249024;-905,7302149
-727,9693367;391,8759518
493,1336341;-93,51587803
512,4300948;-664,4828848
131,630062;-150,2795062
633,4876093;677,4008689
218,3546664;198,2639303
-212,8324792;976,7218579
946,0061315;-98,31311481
739,1226885;-994,2679781
388,1630139;788,213477
825,1967054;745,2783844
647,6158299;-531,1438987
-221,4460584;251,5748807
-463,2487607;89,47977057
386,8674908;792,4646772
441,2485673;271,9162803
86,40370905;-140,293286
444,4536988;-442,9206353
361,0503071;733,1243738
527,9278927;-716,9782778
-48,143902;913,9290652
634,9972421;104,8036971
-924,6251957;-568,4866742
-214,4107288;-40,87734381
-735,8108008;125,7649999
754,0804621;321,4748179
754,7742286;-876,4622706
977,753096;409,6626909
834,6313696;-241,2308076
563,0466894;-760,9231247
-542,9153825;-72,29026663
607,959318;-75,61275344
-481,8465114;325,8715976
358,4732243;-346,2720965
367,100752;666,9488143
-311,259828;-818,75373
648,4295421;-268,2583905
-273,4402577;695,565993
910,9379312;936,6629672
935,534637;121,2781348
985,8331476;-411,5800188
599,893311;683,4292305
786,6756007;243,6664506
-259,8561035;-536,8682118
33,39046739;507,1153782
715,5933263;36,01976925
154,6914234;-250,108365
301,7928239;539,2717403
-706,6428628;324,614903
-708,0368454;887,6237495
-95,68240035;-759,991312
866,5412107;15,71107338
994,0196347;140,5709002
-361,0405245;752,3958741
-638,9797226;341,8357399
447,9079193;-884,5942886
-572,8567496;-353,1148092
-654,7616612;-162,679307
268,3261615;527,4118411
472,00251;659,1186586
592,5655645;503,4086349
44,3692149;712,6576836
841,8350508;-660,9128027
-758,7003575;-461,8486125
192,5454884;47,28592141
724,7092725;-586,6254306
-690,567236;-835,899179
-453,3370191;-605,5818925
957,0036254;-924,9572472
578,1570533;681,9199102
-684,0185212;-296,7075456
516,9515153;470,2442237
-910,9279218;-516,4263948
-279,5076843;61,56929664
314,5469168;297,3978982
-167,7973093;-232,8915053
583,0150109;-309,9921063
-647,7275608;-572,674356
-346,8160238;-639,4282835
739,4157234;726,289774
969,8055902;-923,9149245
-643,2942683;-788,367961
629,6388704;-657,6810145
16,10383901;-577,9068972
-780,7964015;640,4096363
191,2185545;-852,2164208
-270,4398779;-7,111690776
337,1732285;-253,0310443
-40,78593963;796,5223218
-653,8297995;197,731637
667,6496197;204,2838995
155,0098155;-707,7692148
32,0713549;-395,9887666
-84,92492437;802,202769
723,1698065;734,6600109
347,7694708;-667,4208752
486,0589495;495,8847357
-771,9379196;-166,2211444
-379,5682314;-244,4822714
-907,713953;209,8275117
661,8717239;-713,9436936
546,7095491;190,1412642
621,6893673;-422,6908823
-413,8079587;-992,5828298
-519,5886298;452,4837567
-65,27507851;251,7456093
488,152641;-669,7988478
495,8304215;-184,7905468
-167,1291248;159,3193225
745,6646316;415,080714
-274,7554321;-167,7428169
115,5190351;203,6142954
-185,818815;212,455536
307,4199755;371,188873
294,1876916;-453,7153391
-900,2852577;99,14555569
867,3710243;-7,651671806
36,2361107;708,1839203
-125,7722908;-452,0131955
777,5113461;483,2808166
533,2832854;280,5218062
223,9728238;434,61568
541,724859;47,50720979
423,7037642;-248,5362945
-802,8847734;-787,3633105
-921,4355982;342,8741517
37,60262303;337,9721659
127,3778247;-431,3058632
-952,8653621;420,286718
644,0280616;651,7388533
-797,1336176;-787,2587172
-202,5755195;147,0344477
6,891935415;-339,1988016
-402,6537073;-977,0551869
-983,2901767;378,7103839
-135,7947194;845,4651239
-434,7915816;-820,7965734
714,5284491;103,1344699
-248,072605;-929,8722524
53,39331621;954,834405
683,2130854;843,7892587
-174,1816209;790,5738668
73,05060691;-85,14762647
868,2500411;-156,7052723
-973,464762;-478,6095928
-839,9726077;317,8196137
-361,7191689;-338,7168679
507,3840624;-440,9067242
869,4620945;-147,4158746
441,9847027;477,6334524
252,2919052;-141,4576469
-702,7533879;125,0750027
728,1769829;203,3994189
351,6130452;865,3861797
599,2276046;-993,206415
749,6363485;-423,1792554
-350,2691074;-911,7019257
-86,3822846;-481,7092089
-592,2502096;-599,8252146
-230,6147971;248,2113711
959,1356592;-312,9747316
-997,8548373;505,8150928
665,8039856;947,9479683
-844,8409714;-962,6356863
-304,3634361;-398,8349969
893,266182;-679,56141
-515,4388197;840,5295677
148,9826331;-481,6210345
928,5561949;27,95279009
835,4557346;782,8584173
-610,7802594;392,4671619
-520,7124286;-471,8753076
-215,098887;259,1137302
968,4101558;204,5565972
115,0643147;808,7651031
363,2537289;-864,172548
870,6871822;570,2722349
276,0835808;-46,36392047
-350,1954431;13,07315377
375,1379282;-299,7946949
524,1556208;963,2078304
-833,2619031;636,5418922
-519,6579375;-308,9132206
-706,6365294;-953,617851
-148,2176756;-570,6830062
-468,6620147;735,0747776
-426,5964611;266,6372352
-88,09174727;-661,7535349
-229,9121218;-212,0325965
935,1149388;-38,96927409
241,8898933;640,7314887
-647,3186358;-995,2026628
-876,637005;469,4060645
858,2855211;647,6682642
-326,7015653;-891,3586095
624,0362516;-101,161929
382,197033;706,6151124
844,5698975;857,9953205
-571,5723481;749,3928382
-685,4839868;-11,8952077
-224,4127568;-55,1669107
-357,7307351;510,4011108
-653,6136391;63,18875983
132,9760059;911,6980164
-531,3519389;880,2891954
786,6891212;-111,3401819
-803,4960743;854,5810088
-969,0215998;762,5265072
-930,2942779;-110,5634575
682,0698747;884,9745541
913,8575831;-236,3758024
-173,6428196;790,3646468
-790,7162988;199,181781
680,4512681;-833,5575335
-585,0091198;-533,8354198
-883,9581674;-528,424687
522,5484652;19,4658731
-822,3627892;876,4177982
-321,0301222;-95,32383571
880,3281107;686,4506155
510,7137561;121,5481808
976,6266456;-811,5102565
167,1995873;752,6745725
705,4045826;7,54092542
744,4364521;-963,5755637
-719,1349353;266,4594503
-165,6855667;-505,3182019
183,5410011;605,0538282
734,9534811;674,2959497
-424,9288168;944,6469528
-187,6509967;-609,2994533
987,9836027;-416,8611394
368,5100332;-555,1158239
-1,175049749;-433,0415255
355,55543;-811,6306479
882,7452345;-718,7208666
89,32693682;-515,8266079
-122,3235369;571,3831364
-35,25130252;270,2573606
-964,2496535;-298,342348
-74,16838366;387,2918616
-367,4819849;-686,6362051
252,6847081;-628,8490709
-656,6887133;420,2339474
222,7046737;905,8093683
972,0905996;692,2610528
529,8375945;-65,94491924
124,0320354;-664,8648504
-90,0291084;-650,229149
-582,520111;-537,6109129
-358,8335643;-917,8157761
-355,2873772;-124,8494416
585,6960734;-232,1410218
-801,5443741;338,5016315
-990,661596;-446,466586
817,9154596;-934,2267835
780,0359392;-973,1694898
658,936448;-173,4410313
-144,1038933;941,4183327
246,8014764;-648,0030243
808,0016946;74,2257323
-512,1474879;-7,045999521
-441,9718133;-547,0392096
226,9316972;544,0042375
-529,9663041;-27,16716626
-510,9668158;51,29029253
-340,2682447;537,3433347
-248,3676299;645,7248716
900,0671612;461,4754263
126,5363571;-678,1002781
695,6037095;-603,2544746
-78,05277739;-765,5383004
674,2801592;355,4462608
-800,320996;-886,6887078
-157,6825718;-620,1041269
465,2857455;709,9719073
-48,55204818;-438,0391871
304,3279494;-590,6741833
-630,4986947;489,4057061
760,9103211;943,0001342
-422,5604418;207,2384567
84,50315446;-813,9586499
568,9700117;617,7171331
510,2249449;691,9230353
242,4758329;-818,9156495
-766,1306951;448,626116
58,69236065;836,9857561
-492,7111492;664,9164268
313,4927892;110,3561474
-73,85763438;289,4447818
907,9318548;69,15901336
86,25192518;-730,2063629
86,84530272;-982,4531936
-149,7603819;550,5838427
-469,9870718;260,921852
444,0556393;-517,3947056
598,9416088;53,09803406
-712,4706131;-601,624855
-272,6365161;936,3408767
429,1072682;-968,2019183
-201,1686127;-552,4306608
-666,6718279;668,5653271
-171,2880935;-826,2008908
-177,3645962;569,0826632
22,0893539;443,4828003
923,72544;-702,5888402
-134,9236579;-938,2698892
-790,3052303;735,6675178
-305,3595643;-240,1108223
-606,6155531;263,8489236
-492,9684252;-79,65028812
153,9017039;475,2940171
-283,2081906;-304,2252797
-296,1641036;125,1729016
5,914201532;-565,8006178
768,3506844;-278,7271792
-52,08195502;-961,2197361
170,4699556;-172,6466357
61,77796547;657,6746968
252,1176647;896,5106825
983,474327;624,8712972
-109,0730609;11,18898944
673,0541546;152,9939226
-973,7372599;473,1803536
-451,4472378;-259,5636103
-547,4952111;-812,0055274
-361,1714093;335,7325527
-352,4618351;-627,6380846
-807,2207655;866,6477507
-684,4995328;-0,140342845
-289,5461578;340,9782533
-52,97175908;603,0993907
201,427637;700,6216794
78,70534103;274,479405
171,580659;-653,106108
425,3801501;-849,6173276
228,4246354;720,8993606
296,275432;-367,2119951
-779,6996178;160,0978957
344,6650834;-175,0591685
-407,288746;-3,668701276
-258,8888902;-345,0309319
117,864228;-468,843322
-398,6769543;-117,2985212
586,4661481;429,5718935
-40,26473186;809,0433196
-371,5306941;923,8044512
72,36098399;-605,1885401
202,2121794;-370,2112551
-13,53943051;942,6561033
644,1276697;450,1445445
-416,388142;-379,4387094
-74,26977473;303,4870403
-458,6715696;914,6739698
103,5244066;172,136405
702,6328356;612,0256322
-582,162142;-92,85655289
783,7832368;685,93705
600,6963557;-976,4563287
579,6699001;177,0142913
750,4898461;191,2240314
314,8122227;-317,4684889
952,6740484;628,41546
-577,099489;-57,45825496
414,7135367;658,1155947
-353,8675408;-268,8045846
269,5477656;124,8747524
-836,3584387;-301,3018088
64,79266301;514,7721742
430,5540774;433,9523347
-727,3639714;928,3995633
-568,2145874;786,378833
-174,2465171;362,0332026
236,1771002;-545,9172182
251,5645987;-931,6042609
-417,1480829;-694,8711234
-334,8467835;-864,2457548
648,8721555;177,1263436
898,0074162;-518,6765396
-807,762922;-587,2000494
522,1449759;533,6843004
-383,8428748;-369,3212463
-499,1769535;706,2972268
87,49807129;-257,2185213
-358,86036;594,4978892
377,8795989;-703,419797
586,0538005;-248,9257662
-757,5075975;288,8512577
-302,6162575;153,2058673
383,5527686;-275,3225361
-68,25716634;900,322356
288,5330792;-598,6990545
506,4500162;335,5464418
-402,5278849;-21,84014693
592,5534747;-946,0353648
258,7705572;-796,2876104
159,6455962;793,8961219
401,2914309;-516,3907231
-669,5815039;177,6962728
-111,6250395;991,6992417
-682,907695;-272,9238129
939,9232998;606,9740296
268,0443775;-475,7655255
527,8852856;-391,3972635
-390,1807002;-589,5612314
-952,158961;-872,141967
647,1840373;-314,7982873
507,501912;-617,3589078
641,1567826;-977,2051116
-643,2064535;-756,1236506
-527,8861463;908,2740379
-256,1655726;-344,1478162
-88,03643852;950,961169
754,5250527;752,8313335
-802,1231259;-843,4536645
-69,33521018;890,8427422
782,5776066;376,3420032
-559,2146112;999,3874655
287,1585889;-755,9671601
-796,1426933;191,0520967
-596,8828412;-837,2037271
-463,5698274;-324,1063433
-955,21155;334,3264979
583,6424402;-106,1366193
293,3553386;562,6513605
-919,5419723;552,635942
298,3024743;955,479262
857,8525925;-260,6609293
-767,2984854;-143,6230384
-835,2875851;463,6708607
418,9926942;-969,8663325
-213,0731462;517,6424207
-67,34160849;-458,8687329
-589,8882555;920,1396172
-217,7134976;-695,4490644
-444,8541498;-285,5242685
-805,1682865;-122,6519085
-108,6520893;-720,2467207
374,7341972;-608,6206818
411,8006425;-802,1238223
915,3848027;-35,06250085
86,9391205;-763,0051875
-598,623422;599,0578551
-987,5799276;-712,4066953
844,3686663;567,3868047
112,4738508;354,5133982
-171,185846;-54,04517632
-649,3168344;768,25776
-579,8255927;313,5285788
787,4500652;-70,66813307
566,194326;-411,0437236
685,0224703;665,1864101
-986,6898463;188,9141071
645,3632362;-933,5655843
126,0884862;-36,41306732
-105,6987881;671,755819
-13,86174609;440,4827636
986,3209058;-501,0843213
-48,44600528;-217,9147555
-415,9608715;861,8524064
-648,2539838;-971,8886556
-867,7634812;414,8374637
481,6682614;-458,951887
-425,4860353;-7,437005216
964,6032412;-471,0462932
-813,1520345;908,1587075
-805,1290422;166,2314264
724,3244988;458,3912895
114,6930523;-399,3468495
806,9781553;-133,7818821
551,762328;93,77075269
634,8344959;-746,1415878
-817,4673918;846,6814148
-728,5457446;-186,3662008
124,4310703;478,4878651
-641,1545283;837,4902717
701,5698608;-808,9497241
-803,8653726;-108,0590161
-979,5711899;-65,10734021
-454,5730287;-812,9999612
-414,9155345;218,5202402
-872,8719963;-371,0253003
315,9532983;-235,1523108
792,2571059;592,3257725
379,5784964;-379,137374
292,7305284;263,8581131
-786,7747109;-640,1397962
677,566933;-756,8973452
999,3238832;-867,5296649
-481,0229234;-278,2392674
-148,5836929;519,2125563
-637,7098837;372,7610377
-291,751388;766,1803463
729,940602;44,88672661
-445,7049669;-650,6212483
-981,2918285;-943,2153709
-158,6193604;632,7046787
-250,5008721;-434,4894475
668,3490488;-799,8035612
264,1725476;-662,8216104
-606,0900926;903,3707327
-605,9936074;-313,859759
-140,5829123;0,218678924
-586,4201898;40,28898319
-97,44516069;789,1730235
44,56986235;-50,32925909
424,0623095;707,8956293
-410,8621387;-842,9454786
-264,6693442;3,320416002
830,0775797;444,7307827
-611,2599513;901,3222318
-714,7056026;938,6047414
758,815373;-390,9509312
76,99073973;902,4092959
-748,8224211;-647,960713
-616,8780377;442,0496741
-187,9276643;177,9722296
299,4130179;-333,5770007
-220,709554;839,9773145
414,7738907;-335,4561564
-774,474341;322,4291155
-753,2022672;362,5497648
-752,182386;642,9188011
-618,6013414;-397,190588
-621,4629807;167,7998558
469,6659394;-952,3338499
860,5106716;882,6293039
-75,81491277;-732,6614214
-591,3722536;392,6193098
881,5659785;-58,99472291
-408,0400412;-733,2652557
-470,7697164;171,7512803
76,09383884;-565,5230017
-157,872392;461,5806022
396,6067404;-857,1875304
323,9288629;218,2433324
676,504712;-52,93944608
267,8842498;582,438863
450,9116495;121,4355486
786,3730404;-20,01381754
-461,7745856;681,8037248
955,9157639;-847,2888212
-807,5159236;481,6630037
-753,6983509;844,3273204
861,5441148;770,1060088
-184,1937113;998,2602866
-359,3712274;-701,0421798
204,1158204;616,7691378
891,0533017;438,2167373
121,3203748;472,5393508
-640,7217258;-269,9916644
638,9942678;243,8515062
364,7392717;814,1502691
739,6620732;-837,1087761
-800,4554259;-558,2342808
-173,1021528;-9,707651884
-621,7993689;877,0129205
367,4025812;269,3718869
-372,8315625;166,3846037
880,31214;-309,3463367
-101,9255495;-566,1045453
-599,7753663;573,3184153
834,3525401;115,278798
-529,3081904;733,5228293
627,7163855;-150,5192239
-444,7750239;787,1415003
247,2977394;905,307538
992,1627502;907,6349927
-41,67367562;-407,3527154
-71,77472892;-109,9871239
-201,9003292;463,7055424
389,5429344;612,1186438
598,4750156;797,6583919
313,7607199;-981,3225484
-822,4294426;642,4038894
-777,605217;-342,0939459
-936,7255536;-859,6803032
320,5654803;566,3955772
617,9288729;-682,4827778
786,4719103;744,234336
830,0029212;-485,100745
21,3417024;-351,2977619
516,8852884;-923,1713356
338,2709055;996,4699443
-604,6577734;317,2687833
-138,5376959;146,3209255
102,2050044;-778,3553522
997,4362548;566,0275655
-746,1235308;-371,8309454
41,49205756;-754,2094789
-517,0815975;325,5785027
-655,5347916;-581,8733342
-426,4826901;-54,30417228
-969,0025292;-478,4726613
-851,3392825;-104,8194271
-542,9354502;154,1051949
139,6689549;-815,3644372
-793,93693;-966,7205742
302,8525309;-526,6519633
-881,9059143;-52,99092555
422,2365077;604,677385
-182,4924366;-132,9771279
788,7378206;-842,6252896
607,455923;677,6033463
-928,2622727;957,0242485
433,7036623;78,82033168
-216,9468228;-699,1296331
-824,2230588;571,4469797
208,7892827;920,5571642
-566,3488643;-131,759577
-887,8723156;-658,5536515
298,4818179;19,34057159
-966,7455585;-427,8019412
957,769866;299,9428229
782,3687091;-848,5749015
45,16631667;588,2566188
-474,604101;862,9152731
721,1795405;194,4690295
-337,2522565;819,6407228
-21,86272824;9,80444607
751,9406495;-357,2183791
133,719494;-790,3729923
915,0708769;516,8653663
66,89033307;73,2603633
471,6915696;-20,60306233
-565,1929294;-197,0305215
231,9009984;-440,2214413
-624,8870904;-584,9127019
-244,6197357;465,1478962
725,4372499;-51,13789636
-699,1245273;-817,7986148
-759,2766978;932,6889479
-517,559839;-874,9375515
-635,153572;-358,0482949
443,5815897;-727,3259803
544,2543627;-729,4581368
260,7278513;-757,2125002
-612,885521;688,4342085
108,5035264;-360,532952
867,7958935;638,5578127
-196,4012803;-929,1342801
-478,9710361;229,5407237
143,9786444;967,8926311
522,7902184;-36,65390935
789,1355358;-888,1404528
-234,2077324;-301,1578043
-300,0970083;-117,5791933
-691,2885127;-520,4767551
188,8067448;920,9192833
-676,9845382;558,2877692
917,4809384;-55,49583464
718,0480288;-227,0652529
-571,6539488;360,2016112
-702,2875956;94,35481766
796,9550562;-184,8424122
997,6501722;2,019972603
-419,9871742;336,8810096
664,5448737;349,1732836
-867,0129166;551,2139002
228,5452669;111,765014
57,26614827;43,7954292
415,6520184;-122,9379189
340,3045855;942,6569562
-734,342026;-731,6833376
-130,7776495;-408,2630574
753,4701061;-971,5053791
456,9524522;-172,4823601
-279,2163089;250,6855425
317,5193517;751,2290108
107,8071156;-904,6155005
-548,6578247;596,2019188
-248,6712131;576,9424545
944,479948;-1,290059178
765,0935481;445,6514
-444,1856242;-423,0414415
863,0845576;-747,6207312
-369,1374552;912,6174035
